PassengerId,Survived,FareFilled,SexEncoded,FareLog,FarePerPerson,HasCabin,AgePclass,NameLength,WomenChildPriority,CabinMissing,Pclass_1,Pclass_3,Sex_female,Sex_male,Title_Miss,Title_Mr,Title_Mrs,CabinDeck_U,SexPclass_female_P1,SexPclass_female_P2,SexPclass_male_P3
1,0,-0.5024451714361923,0.0,2.1102132003465894,3.625,0.0,66.0,23.0,0.0,1.0,0.0,1.0,0.0,1.0,0.0,1.0,0.0,1.0,0.0,0.0,1.0
2,1,0.7868452935884461,1.0,4.2805931204649,35.64165,1.0,38.0,51.0,1.0,0.0,1.0,0.0,1.0,0.0,0.0,0.0,1.0,0.0,1.0,0.0,0.0
3,1,-0.4888542575852486,1.0,2.188856327665703,7.925,0.0,78.0,22.0,1.0,1.0,0.0,1.0,1.0,0.0,1.0,0.0,0.0,1.0,0.0,0.0,0.0
4,1,0.4207302360686478,1.0,3.9908341858524357,26.55,1.0,35.0,44.0,1.0,0.0,1.0,0.0,1.0,0.0,0.0,0.0,1.0,0.0,1.0,0.0,0.0
5,0,-0.4863374216869257,0.0,2.2027647577118348,8.05,0.0,105.0,24.0,0.0,1.0,0.0,1.0,0.0,1.0,0.0,1.0,0.0,1.0,0.0,0.0,1.0
6,0,-0.47811642890864375,0.0,2.246892662898172,8.4583,0.0,78.0,16.0,0.0,1.0,0.0,1.0,0.0,1.0,0.0,1.0,0.0,1.0,0.0,0.0,1.0
7,0,0.395813560675251,0.0,3.967694202798607,51.8625,1.0,54.0,23.0,0.0,0.0,1.0,0.0,0.0,1.0,0.0,1.0,0.0,0.0,0.0,0.0,0.0
8,0,-0.22408312108167944,0.0,3.0944457464900235,4.215,0.0,6.0,30.0,1.0,1.0,0.0,1.0,0.0,1.0,0.0,0.0,0.0,1.0,0.0,0.0,1.0
9,1,-0.4242561406845337,1.0,2.495953738718064,3.7111,0.0,81.0,49.0,1.0,1.0,0.0,1.0,1.0,0.0,0.0,0.0,1.0,1.0,0.0,0.0,0.0
10,1,-0.04295550208861426,1.0,3.436268471383741,15.0354,0.0,28.0,35.0,1.0,1.0,0.0,0.0,1.0,0.0,0.0,0.0,1.0,1.0,0.0,1.0,0.0
11,1,-0.312172377522981,1.0,2.8735646395797834,5.566666666666666,1.0,12.0,31.0,1.0,0.0,0.0,1.0,1.0,0.0,1.0,0.0,0.0,0.0,0.0,0.0,0.0
12,1,-0.11384570873513637,1.0,3.3160025355989236,26.55,1.0,58.0,24.0,1.0,0.0,1.0,0.0,1.0,0.0,1.0,0.0,0.0,0.0,1.0,0.0,0.0
13,0,-0.4863374216869257,0.0,2.2027647577118348,8.05,0.0,60.0,30.0,0.0,1.0,0.0,1.0,0.0,1.0,0.0,1.0,0.0,1.0,0.0,0.0,1.0
14,0,-0.01870931177853076,0.0,3.4742929367327062,4.4678571428571425,0.0,117.0,27.0,0.0,1.0,0.0,1.0,0.0,1.0,0.0,1.0,0.0,1.0,0.0,0.0,1.0
15,0,-0.4902797934380587,1.0,2.180891922715322,7.8542,0.0,42.0,36.0,1.0,1.0,0.0,1.0,1.0,0.0,1.0,0.0,0.0,1.0,0.0,0.0,0.0
16,1,-0.3262666585535892,1.0,2.833213344056216,16.0,0.0,110.0,32.0,1.0,1.0,0.0,0.0,1.0,0.0,0.0,0.0,1.0,1.0,0.0,1.0,0.0
17,0,-0.06199888922968463,0.0,3.405355391810819,4.854166666666667,0.0,6.0,20.0,1.0,1.0,0.0,1.0,0.0,1.0,0.0,0.0,0.0,1.0,0.0,0.0,1.0
18,1,-0.3866707201133388,0.0,2.6390573296152584,13.0,0.0,62.0,28.0,0.0,1.0,0.0,0.0,0.0,1.0,0.0,1.0,0.0,1.0,0.0,0.0,0.0
19,0,-0.2859972841804228,1.0,2.9444389791664403,9.0,0.0,93.0,55.0,1.0,1.0,0.0,1.0,1.0,0.0,0.0,0.0,1.0,1.0,0.0,0.0,0.0
20,1,-0.5029485386158568,1.0,2.1071782966514356,7.225,0.0,93.0,23.0,1.0,1.0,0.0,1.0,1.0,0.0,0.0,0.0,1.0,1.0,0.0,0.0,0.0
21,0,-0.12491978668775715,0.0,3.295836866004329,26.0,0.0,70.0,20.0,0.0,1.0,0.0,0.0,0.0,1.0,0.0,1.0,0.0,1.0,0.0,0.0,0.0
22,1,-0.3866707201133388,0.0,2.6390573296152584,13.0,1.0,68.0,21.0,0.0,0.0,0.0,0.0,0.0,1.0,0.0,1.0,0.0,0.0,0.0,0.0,0.0
23,1,-0.4867562231804066,1.0,2.2004637699272855,8.0292,0.0,45.0,27.0,1.0,1.0,0.0,1.0,1.0,0.0,1.0,0.0,0.0,1.0,0.0,0.0,0.0
24,1,0.06635974158478332,0.0,3.597312260588446,35.5,1.0,28.0,28.0,0.0,0.0,1.0,0.0,0.0,1.0,0.0,1.0,0.0,0.0,0.0,0.0,0.0
25,0,-0.22408312108167944,1.0,3.0944457464900235,4.215,0.0,24.0,29.0,1.0,1.0,0.0,1.0,1.0,0.0,1.0,0.0,0.0,1.0,0.0,0.0,0.0
26,1,-0.016444159470040135,1.0,3.4777725458882283,4.483928571428572,0.0,114.0,57.0,1.0,1.0,0.0,1.0,1.0,0.0,0.0,0.0,1.0,1.0,0.0,0.0,0.0
27,0,-0.5029485386158568,0.0,2.1071782966514356,7.225,0.0,78.0,23.0,0.0,1.0,0.0,1.0,0.0,1.0,0.0,1.0,0.0,1.0,0.0,0.0,1.0
28,0,4.647001076532463,0.0,5.575949103146316,43.833333333333336,1.0,19.0,30.0,0.0,0.0,1.0,0.0,0.0,1.0,0.0,1.0,0.0,0.0,0.0,0.0,0.0
29,1,-0.48977642625839407,1.0,2.1837114628556327,7.8792,0.0,54.0,29.0,1.0,1.0,0.0,1.0,1.0,0.0,1.0,0.0,0.0,1.0,0.0,0.0,0.0
30,0,-0.4894421904510968,0.0,2.1855792552411137,7.8958,0.0,78.0,19.0,0.0,1.0,0.0,1.0,0.0,1.0,0.0,1.0,0.0,1.0,0.0,0.0,1.0
31,0,-0.09027201697708476,0.0,3.357621598945279,27.7208,0.0,40.0,24.0,0.0,1.0,1.0,0.0,0.0,1.0,0.0,0.0,0.0,1.0,0.0,0.0,0.0
32,1,2.301728820789,1.0,4.993969182787072,73.2604,1.0,40.0,46.0,1.0,0.0,1.0,0.0,1.0,0.0,0.0,0.0,1.0,0.0,1.0,0.0,0.0
33,1,-0.49237782784290063,1.0,2.169053700369523,7.75,0.0,54.0,24.0,1.0,1.0,0.0,1.0,1.0,0.0,1.0,0.0,0.0,1.0,0.0,0.0,0.0
34,0,-0.43700743807979686,0.0,2.4423470353692043,10.5,0.0,132.0,21.0,0.0,1.0,0.0,0.0,0.0,1.0,0.0,1.0,0.0,1.0,0.0,0.0,0.0
35,0,1.0060617003323709,0.0,4.420896324687287,41.0854,0.0,28.0,23.0,0.0,1.0,1.0,0.0,0.0,1.0,0.0,1.0,0.0,1.0,0.0,0.0,0.0
36,0,0.39858208016340624,0.0,3.970291913552122,26.0,0.0,42.0,30.0,0.0,1.0,1.0,0.0,0.0,1.0,0.0,1.0,0.0,1.0,0.0,0.0,0.0
37,1,-0.5028639729296732,0.0,2.1076888046179385,7.2292,0.0,78.0,16.0,0.0,1.0,0.0,1.0,0.0,1.0,0.0,1.0,0.0,1.0,0.0,0.0,1.0
38,0,-0.4863374216869257,0.0,2.2027647577118348,8.05,0.0,63.0,24.0,0.0,1.0,0.0,1.0,0.0,1.0,0.0,1.0,0.0,1.0,0.0,0.0,1.0
39,0,-0.2859972841804228,1.0,2.9444389791664403,6.0,0.0,54.0,34.0,1.0,1.0,0.0,1.0,1.0,0.0,1.0,0.0,0.0,1.0,0.0,0.0,0.0
40,1,-0.42207354059350805,1.0,2.5048481563289,5.62085,0.0,42.0,27.0,1.0,1.0,0.0,1.0,1.0,0.0,1.0,0.0,0.0,1.0,0.0,0.0,0.0
41,0,-0.4576454924460446,1.0,2.348991465808201,4.7375,0.0,120.0,46.0,1.0,1.0,0.0,1.0,1.0,0.0,0.0,0.0,1.0,1.0,0.0,0.0,0.0
42,0,-0.22559322262067316,1.0,3.091042453358316,10.5,0.0,54.0,56.0,1.0,1.0,0.0,0.0,1.0,0.0,0.0,0.0,1.0,1.0,0.0,1.0,0.0
43,0,-0.4894421904510968,0.0,2.1855792552411137,7.8958,0.0,78.0,19.0,0.0,1.0,0.0,1.0,0.0,1.0,0.0,1.0,0.0,1.0,0.0,0.0,1.0
44,1,0.18876253192945994,1.0,3.7513658711253766,10.3948,0.0,6.0,40.0,1.0,1.0,0.0,0.0,1.0,0.0,1.0,0.0,0.0,1.0,0.0,1.0,0.0
45,1,-0.48977642625839407,1.0,2.1837114628556327,7.8792,0.0,57.0,29.0,1.0,1.0,0.0,1.0,1.0,0.0,1.0,0.0,0.0,1.0,0.0,0.0,0.0
46,0,-0.4863374216869257,0.0,2.2027647577118348,8.05,0.0,78.0,24.0,0.0,1.0,0.0,1.0,0.0,1.0,0.0,1.0,0.0,1.0,0.0,0.0,1.0
47,0,-0.3363340021468808,0.0,2.803360380906535,7.75,0.0,78.0,17.0,0.0,1.0,0.0,1.0,0.0,1.0,0.0,1.0,0.0,1.0,0.0,0.0,1.0
48,1,-0.49237782784290063,1.0,2.169053700369523,7.75,0.0,54.0,25.0,1.0,1.0,0.0,1.0,1.0,0.0,1.0,0.0,0.0,1.0,0.0,0.0,0.0
49,0,-0.21191774308354583,0.0,3.1214482048688246,7.226400000000001,0.0,78.0,19.0,0.0,1.0,0.0,1.0,0.0,1.0,0.0,1.0,0.0,1.0,0.0,0.0,1.0
50,0,-0.29002422161773944,1.0,2.9338568698359038,8.9,0.0,54.0,45.0,1.0,1.0,0.0,1.0,1.0,0.0,0.0,0.0,1.0,1.0,0.0,0.0,0.0
51,0,0.1506737441786005,0.0,3.705920919968788,6.614583333333333,0.0,21.0,26.0,1.0,1.0,0.0,1.0,0.0,1.0,0.0,0.0,0.0,1.0,0.0,0.0,1.0
52,0,-0.4913710934835715,0.0,2.174751721484161,7.8,0.0,63.0,28.0,0.0,1.0,0.0,1.0,0.0,1.0,0.0,1.0,0.0,1.0,0.0,0.0,1.0
53,1,0.8964967865378598,1.0,4.353230991152628,38.3646,1.0,49.0,40.0,1.0,0.0,1.0,0.0,1.0,0.0,0.0,0.0,1.0,0.0,1.0,0.0,0.0
54,1,-0.12491978668775715,1.0,3.295836866004329,13.0,0.0,58.0,50.0,1.0,1.0,0.0,0.0,1.0,0.0,0.0,0.0,1.0,1.0,0.0,1.0,0.0
55,0,0.5995101505357573,0.0,4.142804513146981,30.9896,1.0,65.0,30.0,0.0,0.0,1.0,0.0,0.0,1.0,0.0,1.0,0.0,0.0,0.0,0.0,0.0
56,1,0.06635974158478332,0.0,3.597312260588446,35.5,1.0,40.0,17.0,0.0,0.0,1.0,0.0,0.0,1.0,0.0,1.0,0.0,0.0,0.0,0.0,0.0
57,1,-0.43700743807979686,1.0,2.4423470353692043,10.5,0.0,42.0,17.0,1.0,1.0,0.0,0.0,1.0,0.0,1.0,0.0,0.0,1.0,0.0,1.0,0.0
58,0,-0.5028639729296732,0.0,2.1076888046179385,7.2292,0.0,85.5,19.0,0.0,1.0,0.0,1.0,0.0,1.0,0.0,1.0,0.0,1.0,0.0,0.0,1.0
59,1,-0.08968408411123653,1.0,3.3586377672433594,6.9375,0.0,10.0,28.0,1.0,1.0,0.0,0.0,1.0,0.0,1.0,0.0,0.0,1.0,0.0,1.0,0.0
60,0,0.2958951755118318,0.0,3.8691155044168695,5.8625,0.0,33.0,34.0,1.0,1.0,0.0,1.0,0.0,1.0,0.0,0.0,0.0,1.0,0.0,0.0,1.0
61,0,-0.5028639729296732,0.0,2.1076888046179385,7.2292,0.0,66.0,21.0,0.0,1.0,0.0,1.0,0.0,1.0,0.0,1.0,0.0,1.0,0.0,0.0,1.0
62,1,0.962353321387736,1.0,4.394449154672439,80.0,1.0,38.0,19.0,1.0,0.0,1.0,0.0,1.0,0.0,1.0,0.0,0.0,0.0,1.0,0.0,0.0
63,0,1.0323213593611125,0.0,4.436455632600354,41.7375,1.0,45.0,27.0,0.0,0.0,1.0,0.0,0.0,1.0,0.0,1.0,0.0,0.0,0.0,0.0,0.0
64,0,-0.08666388103324908,0.0,3.3638415951183864,4.6499999999999995,0.0,12.0,21.0,1.0,1.0,0.0,1.0,0.0,1.0,0.0,0.0,0.0,1.0,0.0,0.0,1.0
65,0,-0.09027201697708476,0.0,3.357621598945279,27.7208,0.0,40.0,21.0,0.0,1.0,1.0,0.0,0.0,1.0,0.0,1.0,0.0,1.0,0.0,0.0,0.0
66,1,-0.3414522396297103,0.0,2.7878344138303452,5.081933333333333,0.0,12.0,24.0,1.0,1.0,0.0,1.0,0.0,1.0,0.0,0.0,0.0,1.0,0.0,0.0,1.0
67,1,-0.43700743807979686,1.0,2.4423470353692043,10.5,1.0,58.0,28.0,1.0,0.0,0.0,0.0,1.0,0.0,0.0,0.0,1.0,0.0,0.0,1.0,0.0
68,0,-0.4841568350646187,0.0,2.2146605719425225,8.1583,0.0,57.0,24.0,0.0,1.0,0.0,1.0,0.0,1.0,0.0,1.0,0.0,1.0,0.0,0.0,1.0
69,1,-0.4888542575852486,1.0,2.188856327665703,1.1321428571428571,0.0,51.0,31.0,1.0,1.0,0.0,1.0,1.0,0.0,1.0,0.0,0.0,1.0,0.0,0.0,0.0
70,0,-0.47400492578514347,0.0,2.2682524139135403,2.8874999999999997,0.0,78.0,17.0,0.0,1.0,0.0,1.0,0.0,1.0,0.0,1.0,0.0,1.0,0.0,0.0,1.0
71,0,-0.43700743807979686,0.0,2.4423470353692043,10.5,0.0,64.0,26.0,0.0,1.0,0.0,0.0,0.0,1.0,0.0,1.0,0.0,1.0,0.0,0.0,0.0
72,0,0.2958951755118318,1.0,3.8691155044168695,5.8625,0.0,48.0,26.0,1.0,1.0,0.0,1.0,1.0,0.0,1.0,0.0,0.0,1.0,0.0,0.0,0.0
73,0,0.8314778546749452,0.0,4.310799125385514,73.5,0.0,42.0,20.0,0.0,1.0,0.0,0.0,0.0,1.0,0.0,1.0,0.0,1.0,0.0,0.0,0.0
74,0,-0.3573908580066095,0.0,2.737880811060884,7.2271,0.0,78.0,27.0,0.0,1.0,0.0,1.0,0.0,1.0,0.0,1.0,0.0,1.0,0.0,0.0,1.0
75,1,0.48910360681684706,0.0,4.05171190165724,56.4958,0.0,96.0,13.0,0.0,1.0,0.0,1.0,0.0,1.0,0.0,1.0,0.0,1.0,0.0,0.0,1.0
76,0,-0.494391296561559,0.0,2.157559320943788,7.65,1.0,75.0,23.0,0.0,0.0,0.0,1.0,0.0,1.0,0.0,1.0,0.0,0.0,0.0,0.0,1.0
77,0,-0.4894421904510968,0.0,2.1855792552411137,7.8958,0.0,78.0,17.0,0.0,1.0,0.0,1.0,0.0,1.0,0.0,1.0,0.0,1.0,0.0,0.0,1.0
78,0,-0.4863374216869257,0.0,2.2027647577118348,8.05,0.0,78.0,24.0,0.0,1.0,0.0,1.0,0.0,1.0,0.0,1.0,0.0,1.0,0.0,0.0,1.0
79,1,-0.06451572512800753,0.0,3.4011973816621555,9.666666666666666,0.0,1.66,29.0,1.0,1.0,0.0,0.0,0.0,1.0,0.0,0.0,0.0,1.0,0.0,0.0,0.0
80,1,-0.397241430886295,1.0,2.600836116795061,12.475,0.0,90.0,24.0,1.0,1.0,0.0,1.0,1.0,0.0,1.0,0.0,0.0,1.0,0.0,0.0,0.0
81,0,-0.46720946885967163,0.0,2.302585092994046,9.0,0.0,66.0,20.0,0.0,1.0,0.0,1.0,0.0,1.0,0.0,1.0,0.0,1.0,0.0,0.0,1.0
82,1,-0.45714212526638004,0.0,2.3513752571634776,9.5,0.0,87.0,27.0,0.0,1.0,0.0,1.0,0.0,1.0,0.0,1.0,0.0,1.0,0.0,0.0,1.0
83,1,-0.49162277707340374,1.0,2.1733302571367834,7.7875,0.0,54.0,30.0,1.0,1.0,0.0,1.0,1.0,0.0,1.0,0.0,0.0,1.0,0.0,0.0,0.0
84,0,0.29992211294914856,0.0,3.8732821771117156,47.1,0.0,28.0,23.0,0.0,1.0,1.0,0.0,0.0,1.0,0.0,1.0,0.0,1.0,0.0,0.0,0.0
85,1,-0.43700743807979686,1.0,2.4423470353692043,10.5,0.0,34.0,19.0,1.0,1.0,0.0,0.0,1.0,0.0,1.0,0.0,0.0,1.0,0.0,1.0,0.0
86,1,-0.32928686163157667,1.0,2.8243506567983707,3.9625,0.0,99.0,55.0,1.0,1.0,0.0,1.0,1.0,0.0,0.0,0.0,1.0,1.0,0.0,0.0,0.0
87,0,0.04370821849987721,0.0,3.5660053559634015,6.875,0.0,48.0,22.0,0.0,1.0,0.0,1.0,0.0,1.0,0.0,1.0,0.0,1.0,0.0,0.0,1.0
88,0,-0.4863374216869257,0.0,2.2027647577118348,8.05,0.0,78.0,29.0,0.0,1.0,0.0,1.0,0.0,1.0,0.0,1.0,0.0,1.0,0.0,0.0,1.0
89,1,4.647001076532463,1.0,5.575949103146316,43.833333333333336,1.0,23.0,26.0,1.0,0.0,1.0,0.0,1.0,0.0,1.0,0.0,0.0,0.0,1.0,0.0,0.0
90,0,-0.4863374216869257,0.0,2.2027647577118348,8.05,0.0,72.0,22.0,0.0,1.0,0.0,1.0,0.0,1.0,0.0,1.0,0.0,1.0,0.0,0.0,1.0
91,0,-0.4863374216869257,0.0,2.2027647577118348,8.05,0.0,87.0,20.0,0.0,1.0,0.0,1.0,0.0,1.0,0.0,1.0,0.0,1.0,0.0,0.0,1.0
92,0,-0.4902797934380587,0.0,2.180891922715322,7.8542,0.0,60.0,26.0,0.0,1.0,0.0,1.0,0.0,1.0,0.0,1.0,0.0,1.0,0.0,0.0,1.0
93,0,0.5833178351003071,0.0,4.1299529896894684,30.5875,1.0,46.0,27.0,0.0,0.0,1.0,0.0,0.0,1.0,0.0,1.0,0.0,0.0,0.0,0.0,0.0
94,0,-0.23415046467497105,0.0,3.0715352369694915,5.14375,0.0,78.0,23.0,0.0,1.0,0.0,1.0,0.0,1.0,0.0,1.0,0.0,1.0,0.0,0.0,1.0
95,0,-0.5024451714361923,0.0,2.1102132003465894,7.25,0.0,177.0,17.0,0.0,1.0,0.0,1.0,0.0,1.0,0.0,1.0,0.0,1.0,0.0,0.0,1.0
96,0,-0.4863374216869257,0.0,2.2027647577118348,8.05,0.0,78.0,27.0,0.0,1.0,0.0,1.0,0.0,1.0,0.0,1.0,0.0,1.0,0.0,0.0,1.0
97,0,0.0493298231623713,0.0,3.57386695198272,34.6542,1.0,71.0,25.0,0.0,0.0,1.0,0.0,0.0,1.0,0.0,1.0,0.0,0.0,0.0,0.0,0.0
98,1,0.6272778976347743,0.0,4.164465907853638,31.67915,1.0,23.0,31.0,0.0,0.0,1.0,0.0,0.0,1.0,0.0,1.0,0.0,0.0,0.0,0.0,0.0
99,1,-0.18532384824750675,1.0,3.1780538303479458,11.5,0.0,68.0,36.0,1.0,1.0,0.0,0.0,1.0,0.0,0.0,0.0,1.0,1.0,0.0,1.0,0.0
100,0,-0.12491978668775715,0.0,3.295836866004329,13.0,0.0,68.0,17.0,0.0,1.0,0.0,0.0,0.0,1.0,0.0,1.0,0.0,1.0,0.0,0.0,0.0
101,0,-0.4894421904510968,1.0,2.1855792552411137,7.8958,0.0,84.0,23.0,1.0,1.0,0.0,1.0,1.0,0.0,1.0,0.0,0.0,1.0,0.0,0.0,0.0
102,0,-0.4894421904510968,0.0,2.1855792552411137,7.8958,0.0,78.0,32.0,0.0,1.0,0.0,1.0,0.0,1.0,0.0,1.0,0.0,1.0,0.0,0.0,1.0
103,0,0.907737982394129,0.0,4.360387947851531,38.64375,1.0,21.0,25.0,0.0,0.0,1.0,0.0,0.0,1.0,0.0,1.0,0.0,0.0,0.0,0.0,0.0
104,0,-0.4741720436887921,0.0,2.267393053825037,8.6542,0.0,99.0,26.0,0.0,1.0,0.0,1.0,0.0,1.0,0.0,1.0,0.0,1.0,0.0,0.0,1.0
105,0,-0.4888542575852486,0.0,2.188856327665703,2.6416666666666666,0.0,111.0,30.0,0.0,1.0,0.0,1.0,0.0,1.0,0.0,1.0,0.0,1.0,0.0,0.0,1.0
106,0,-0.4894421904510968,0.0,2.1855792552411137,7.8958,0.0,84.0,21.0,0.0,1.0,0.0,1.0,0.0,1.0,0.0,1.0,0.0,1.0,0.0,0.0,1.0
107,1,-0.494391296561559,1.0,2.157559320943788,7.65,0.0,63.0,32.0,1.0,1.0,0.0,1.0,1.0,0.0,1.0,0.0,0.0,1.0,0.0,0.0,0.0
108,1,-0.4918744606632361,0.0,2.1719067693519296,7.775,0.0,78.0,22.0,0.0,1.0,0.0,1.0,0.0,1.0,0.0,1.0,0.0,1.0,0.0,0.0,1.0
109,0,-0.4894421904510968,0.0,2.1855792552411137,7.8958,0.0,114.0,15.0,0.0,1.0,0.0,1.0,0.0,1.0,0.0,1.0,0.0,1.0,0.0,0.0,1.0
110,1,-0.1621689579829361,1.0,3.224857896545748,12.075,0.0,54.0,19.0,1.0,1.0,0.0,1.0,1.0,0.0,1.0,0.0,0.0,1.0,0.0,0.0,0.0
111,0,0.39858208016340624,0.0,3.970291913552122,52.0,1.0,47.0,30.0,0.0,0.0,1.0,0.0,0.0,1.0,0.0,1.0,0.0,0.0,0.0,0.0,0.0
112,0,-0.3573908580066095,1.0,2.737880811060884,7.2271,0.0,43.5,20.0,1.0,1.0,0.0,1.0,1.0,0.0,1.0,0.0,0.0,1.0,0.0,0.0,0.0
113,0,-0.4863374216869257,0.0,2.2027647577118348,8.05,0.0,66.0,22.0,0.0,1.0,0.0,1.0,0.0,1.0,0.0,1.0,0.0,1.0,0.0,0.0,1.0
114,0,-0.4505983519307405,1.0,2.3818582738885534,4.9125,0.0,60.0,23.0,1.0,1.0,0.0,1.0,1.0,0.0,1.0,0.0,0.0,1.0,0.0,0.0,0.0
115,0,-0.3573083057891445,1.0,2.738146075922933,14.4583,0.0,51.0,21.0,1.0,1.0,0.0,1.0,1.0,0.0,1.0,0.0,0.0,1.0,0.0,0.0,0.0
116,0,-0.4888542575852486,0.0,2.188856327665703,7.925,0.0,63.0,21.0,0.0,1.0,0.0,1.0,0.0,1.0,0.0,1.0,0.0,1.0,0.0,0.0,1.0
117,0,-0.49237782784290063,0.0,2.169053700369523,7.75,0.0,211.5,20.0,0.0,1.0,0.0,1.0,0.0,1.0,0.0,1.0,0.0,1.0,0.0,0.0,1.0
118,0,-0.22559322262067316,0.0,3.091042453358316,10.5,0.0,58.0,31.0,0.0,1.0,0.0,0.0,0.0,1.0,0.0,1.0,0.0,1.0,0.0,0.0,0.0
119,0,4.335332226633905,0.0,5.515526544247129,123.7604,1.0,24.0,24.0,0.0,0.0,1.0,0.0,0.0,1.0,0.0,1.0,0.0,0.0,0.0,0.0,0.0
120,0,-0.01870931177853076,1.0,3.4742929367327062,4.4678571428571425,0.0,6.0,33.0,1.0,1.0,0.0,1.0,1.0,0.0,1.0,0.0,0.0,1.0,0.0,0.0,0.0
121,0,0.8314778546749452,0.0,4.310799125385514,24.5,0.0,42.0,27.0,0.0,1.0,0.0,0.0,0.0,1.0,0.0,1.0,0.0,1.0,0.0,0.0,0.0
122,0,-0.4863374216869257,0.0,2.2027647577118348,8.05,0.0,78.0,26.0,0.0,1.0,0.0,1.0,0.0,1.0,0.0,1.0,0.0,1.0,0.0,0.0,1.0
123,0,-0.04295550208861426,0.0,3.436268471383741,15.0354,0.0,65.0,20.0,0.0,1.0,0.0,0.0,0.0,1.0,0.0,1.0,0.0,1.0,0.0,0.0,0.0
124,1,-0.3866707201133388,1.0,2.6390573296152584,13.0,1.0,65.0,19.0,1.0,0.0,0.0,0.0,1.0,0.0,1.0,0.0,0.0,0.0,0.0,1.0,0.0
125,0,0.907737982394129,0.0,4.360387947851531,38.64375,1.0,54.0,27.0,0.0,0.0,1.0,0.0,0.0,1.0,0.0,1.0,0.0,0.0,0.0,0.0,0.0
126,1,-0.42207354059350805,0.0,2.5048481563289,5.62085,0.0,36.0,28.0,1.0,1.0,0.0,1.0,0.0,1.0,0.0,0.0,0.0,1.0,0.0,0.0,1.0
127,0,-0.49237782784290063,0.0,2.169053700369523,7.75,0.0,78.0,19.0,0.0,1.0,0.0,1.0,0.0,1.0,0.0,1.0,0.0,1.0,0.0,0.0,1.0
128,1,-0.5046257580584992,0.0,2.0969990034181696,7.1417,0.0,72.0,25.0,0.0,1.0,0.0,1.0,0.0,1.0,0.0,1.0,0.0,1.0,0.0,0.0,1.0
129,1,-0.19824427701513722,1.0,3.1509523813392697,7.452766666666666,1.0,54.0,17.0,1.0,0.0,0.0,1.0,1.0,0.0,1.0,0.0,0.0,0.0,0.0,0.0,0.0
130,0,-0.5079822104125026,0.0,2.076311648670908,6.975,0.0,135.0,18.0,0.0,1.0,0.0,1.0,0.0,1.0,0.0,1.0,0.0,1.0,0.0,0.0,1.0
131,0,-0.4894421904510968,0.0,2.1855792552411137,7.8958,0.0,99.0,20.0,0.0,1.0,0.0,1.0,0.0,1.0,0.0,1.0,0.0,1.0,0.0,0.0,1.0
132,0,-0.5064721088735089,0.0,2.085672091430472,7.05,0.0,60.0,30.0,0.0,1.0,0.0,1.0,0.0,1.0,0.0,1.0,0.0,1.0,0.0,0.0,1.0
133,0,-0.35646868933346404,1.0,2.740840023925201,7.25,0.0,141.0,46.0,1.0,1.0,0.0,1.0,1.0,0.0,0.0,0.0,1.0,1.0,0.0,0.0,0.0
134,1,-0.12491978668775715,1.0,3.295836866004329,13.0,0.0,58.0,45.0,1.0,1.0,0.0,0.0,1.0,0.0,0.0,0.0,1.0,1.0,0.0,1.0,0.0
135,0,-0.3866707201133388,0.0,2.6390573296152584,13.0,0.0,50.0,30.0,0.0,1.0,0.0,0.0,0.0,1.0,0.0,1.0,0.0,1.0,0.0,0.0,0.0
136,0,-0.3454791770670269,0.0,2.775447133088262,15.0458,0.0,46.0,18.0,0.0,1.0,0.0,0.0,0.0,1.0,0.0,1.0,0.0,1.0,0.0,0.0,0.0
137,1,-0.11921562980779811,1.0,3.3062747934011893,8.7611,1.0,19.0,28.0,1.0,0.0,1.0,0.0,1.0,0.0,1.0,0.0,0.0,0.0,1.0,0.0,0.0
138,0,0.4207302360686478,0.0,3.9908341858524357,26.55,1.0,37.0,27.0,0.0,0.0,1.0,0.0,0.0,1.0,0.0,1.0,0.0,0.0,0.0,0.0,0.0
139,0,-0.4628462821463391,0.0,2.3240236363515288,9.2167,0.0,48.0,19.0,0.0,1.0,0.0,1.0,0.0,1.0,0.0,1.0,0.0,1.0,0.0,0.0,1.0
140,0,0.9462455716384695,0.0,4.384523514872469,79.2,1.0,24.0,18.0,0.0,0.0,1.0,0.0,0.0,1.0,0.0,1.0,0.0,0.0,0.0,0.0,0.0
141,0,-0.3414522396297103,1.0,2.7878344138303452,5.081933333333333,0.0,93.0,29.0,1.0,1.0,0.0,1.0,1.0,0.0,0.0,0.0,1.0,1.0,0.0,0.0,0.0
142,1,-0.49237782784290063,1.0,2.169053700369523,7.75,0.0,66.0,24.0,1.0,1.0,0.0,1.0,1.0,0.0,1.0,0.0,0.0,1.0,0.0,0.0,0.0
143,1,-0.32928686163157667,1.0,2.8243506567983707,7.925,0.0,72.0,52.0,1.0,1.0,0.0,1.0,1.0,0.0,0.0,0.0,1.0,1.0,0.0,0.0,0.0
144,0,-0.5125125150294839,0.0,2.0476928433652555,6.75,0.0,57.0,19.0,0.0,1.0,0.0,1.0,0.0,1.0,0.0,1.0,0.0,1.0,0.0,0.0,1.0
145,0,-0.41687275089321363,0.0,2.5257286443082556,11.5,0.0,36.0,26.0,0.0,1.0,0.0,0.0,0.0,1.0,0.0,1.0,0.0,1.0,0.0,0.0,0.0
146,0,0.09152810056801232,0.0,3.6309854756950335,12.25,0.0,38.0,28.0,0.0,1.0,0.0,0.0,0.0,1.0,0.0,1.0,0.0,1.0,0.0,0.0,0.0
147,1,-0.49145565916975514,0.0,2.174274334826008,7.7958,0.0,81.0,44.0,0.0,1.0,0.0,1.0,0.0,1.0,0.0,1.0,0.0,1.0,0.0,0.0,1.0
148,0,0.04370821849987721,1.0,3.5660053559634015,6.875,0.0,27.0,32.0,1.0,1.0,0.0,1.0,1.0,0.0,1.0,0.0,0.0,1.0,0.0,0.0,0.0
149,0,-0.12491978668775715,0.0,3.295836866004329,8.666666666666666,1.0,73.0,40.0,0.0,0.0,0.0,0.0,0.0,1.0,0.0,1.0,0.0,0.0,0.0,0.0,0.0
150,0,-0.3866707201133388,0.0,2.6390573296152584,13.0,0.0,84.0,33.0,0.0,1.0,0.0,0.0,0.0,1.0,0.0,0.0,0.0,1.0,0.0,0.0,0.0
151,0,-0.39623469652696586,0.0,2.6045398247325453,12.525,0.0,102.0,26.0,0.0,1.0,0.0,0.0,0.0,1.0,0.0,0.0,0.0,1.0,0.0,0.0,0.0
152,1,0.6925485130875209,1.0,4.213607983048918,33.3,1.0,22.0,33.0,1.0,0.0,1.0,0.0,1.0,0.0,0.0,0.0,1.0,0.0,1.0,0.0,0.0
153,0,-0.4863374216869257,0.0,2.2027647577118348,8.05,0.0,166.5,16.0,0.0,1.0,0.0,1.0,0.0,1.0,0.0,1.0,0.0,1.0,0.0,0.0,1.0
154,0,-0.35646868933346404,0.0,2.740840023925201,4.833333333333333,0.0,121.5,31.0,0.0,1.0,0.0,1.0,0.0,1.0,0.0,1.0,0.0,1.0,0.0,0.0,1.0
155,0,-0.5011867534870308,0.0,2.1177604059819726,7.3125,0.0,78.0,21.0,0.0,1.0,0.0,1.0,0.0,1.0,0.0,1.0,0.0,1.0,0.0,0.0,1.0
156,0,0.5874293382238074,0.0,4.133231886474144,30.6896,0.0,51.0,27.0,0.0,1.0,1.0,0.0,0.0,1.0,0.0,1.0,0.0,1.0,0.0,0.0,0.0
157,1,-0.49271407711891657,1.0,2.167143305297764,7.7333,0.0,48.0,32.0,1.0,1.0,0.0,1.0,1.0,0.0,1.0,0.0,0.0,1.0,0.0,0.0,0.0
158,0,-0.4863374216869257,0.0,2.2027647577118348,8.05,0.0,90.0,15.0,0.0,1.0,0.0,1.0,0.0,1.0,0.0,1.0,0.0,1.0,0.0,0.0,1.0
159,0,-0.47400492578514347,0.0,2.2682524139135403,8.6625,0.0,78.0,19.0,0.0,1.0,0.0,1.0,0.0,1.0,0.0,1.0,0.0,1.0,0.0,0.0,1.0
160,0,0.7519458402879414,0.0,4.256321678298823,6.322727272727272,0.0,12.0,26.0,1.0,1.0,0.0,1.0,0.0,1.0,0.0,0.0,0.0,1.0,0.0,0.0,1.0
161,0,-0.32425318983493084,0.0,2.8390784635086144,8.05,0.0,132.0,24.0,0.0,1.0,0.0,1.0,0.0,1.0,0.0,1.0,0.0,1.0,0.0,0.0,1.0
162,1,-0.331300330350235,1.0,2.8183982582710754,15.75,0.0,80.0,50.0,1.0,1.0,0.0,0.0,1.0,0.0,0.0,0.0,1.0,1.0,0.0,1.0,0.0
163,0,-0.4918744606632361,0.0,2.1719067693519296,7.775,0.0,78.0,26.0,0.0,1.0,0.0,1.0,0.0,1.0,0.0,1.0,0.0,1.0,0.0,0.0,1.0
164,0,-0.47400492578514347,0.0,2.2682524139135403,8.6625,0.0,51.0,15.0,0.0,1.0,0.0,1.0,0.0,1.0,0.0,1.0,0.0,1.0,0.0,0.0,1.0
165,0,0.1506737441786005,0.0,3.705920919968788,6.614583333333333,0.0,3.0,28.0,1.0,1.0,0.0,1.0,0.0,1.0,0.0,0.0,0.0,1.0,0.0,0.0,1.0
166,1,-0.2351571990343002,0.0,3.0692150503137943,6.841666666666666,0.0,27.0,47.0,1.0,1.0,0.0,1.0,0.0,1.0,0.0,0.0,0.0,1.0,0.0,0.0,1.0
167,1,0.4589861417231558,1.0,4.02535169073515,27.5,1.0,40.0,38.0,1.0,0.0,1.0,0.0,1.0,0.0,0.0,0.0,1.0,0.0,1.0,0.0,0.0
168,0,-0.08666388103324908,1.0,3.3638415951183864,4.6499999999999995,0.0,135.0,47.0,1.0,1.0,0.0,1.0,1.0,0.0,0.0,0.0,1.0,1.0,0.0,0.0,0.0
169,0,-0.12642988822675086,0.0,3.2930552230424524,25.925,0.0,40.0,19.0,0.0,1.0,1.0,0.0,0.0,1.0,0.0,1.0,0.0,1.0,0.0,0.0,0.0
170,0,0.48910360681684706,0.0,4.05171190165724,56.4958,0.0,84.0,13.0,0.0,1.0,0.0,1.0,0.0,1.0,0.0,1.0,0.0,1.0,0.0,0.0,1.0
171,0,0.026090367211616904,0.0,3.5409593240373143,33.5,1.0,61.0,25.0,0.0,0.0,1.0,0.0,0.0,1.0,0.0,1.0,0.0,0.0,0.0,0.0,0.0
172,0,-0.06199888922968463,0.0,3.405355391810819,4.854166666666667,0.0,12.0,20.0,1.0,1.0,0.0,1.0,0.0,1.0,0.0,0.0,0.0,1.0,0.0,0.0,1.0
173,1,-0.4242561406845337,1.0,2.495953738718064,3.7111,0.0,3.0,28.0,1.0,1.0,0.0,1.0,1.0,0.0,1.0,0.0,0.0,1.0,0.0,0.0,0.0
174,0,-0.4888542575852486,0.0,2.188856327665703,7.925,0.0,63.0,25.0,0.0,1.0,0.0,1.0,0.0,1.0,0.0,1.0,0.0,1.0,0.0,0.0,1.0
175,0,-0.030371322596999754,0.0,3.4561841799918147,30.6958,1.0,56.0,23.0,0.0,0.0,1.0,0.0,0.0,1.0,0.0,1.0,0.0,0.0,0.0,0.0,0.0
176,0,-0.4902797934380587,0.0,2.180891922715322,2.6180666666666665,0.0,54.0,22.0,0.0,1.0,0.0,1.0,0.0,1.0,0.0,1.0,0.0,1.0,0.0,0.0,1.0
177,0,-0.13565761536436197,0.0,3.275887339030031,5.0933399999999995,0.0,12.0,29.0,1.0,1.0,0.0,1.0,0.0,1.0,0.0,0.0,0.0,1.0,0.0,0.0,1.0
178,0,-0.07030444769415023,1.0,3.391567832686312,28.7125,1.0,50.0,26.0,1.0,0.0,1.0,0.0,1.0,0.0,1.0,0.0,0.0,0.0,1.0,0.0,0.0
179,0,-0.3866707201133388,0.0,2.6390573296152584,13.0,0.0,60.0,18.0,0.0,1.0,0.0,0.0,0.0,1.0,0.0,1.0,0.0,1.0,0.0,0.0,0.0
180,0,-0.6484216535389205,0.0,0.0,0.0,0.0,108.0,19.0,0.0,1.0,0.0,1.0,0.0,1.0,0.0,1.0,0.0,1.0,0.0,0.0,1.0
181,0,0.7519458402879414,1.0,4.256321678298823,6.322727272727272,0.0,54.0,28.0,1.0,1.0,0.0,1.0,1.0,0.0,1.0,0.0,0.0,1.0,0.0,0.0,0.0
182,0,-0.34539461138084326,0.0,2.775708849576025,15.05,0.0,62.0,16.0,0.0,1.0,0.0,0.0,0.0,1.0,0.0,1.0,0.0,1.0,0.0,0.0,0.0
183,0,-0.016444159470040135,0.0,3.4777725458882283,4.483928571428572,0.0,27.0,37.0,1.0,1.0,0.0,1.0,0.0,1.0,0.0,0.0,0.0,1.0,0.0,0.0,1.0
184,1,0.13683114673782454,0.0,3.6888794541139363,9.75,1.0,2.0,25.0,1.0,0.0,0.0,0.0,0.0,1.0,0.0,0.0,0.0,0.0,0.0,0.0,0.0
185,1,-0.20495516825442542,1.0,3.1365805821413706,7.341666666666666,0.0,12.0,35.0,1.0,1.0,0.0,1.0,1.0,0.0,1.0,0.0,0.0,1.0,0.0,0.0,0.0
186,0,0.3583127057902398,0.0,3.9318256327243257,50.0,1.0,40.0,21.0,0.0,0.0,1.0,0.0,0.0,1.0,0.0,1.0,0.0,0.0,0.0,0.0,0.0
187,1,-0.3363340021468808,1.0,2.803360380906535,7.75,0.0,93.0,47.0,1.0,1.0,0.0,1.0,1.0,0.0,0.0,0.0,1.0,1.0,0.0,0.0,0.0
188,1,-0.11384570873513637,0.0,3.3160025355989236,26.55,0.0,45.0,45.0,0.0,1.0,1.0,0.0,0.0,1.0,0.0,1.0,0.0,1.0,0.0,0.0,0.0
189,0,-0.3363340021468808,0.0,2.803360380906535,5.166666666666667,0.0,120.0,16.0,0.0,1.0,0.0,1.0,0.0,1.0,0.0,1.0,0.0,1.0,0.0,0.0,1.0
190,0,-0.4894421904510968,0.0,2.1855792552411137,7.8958,0.0,108.0,19.0,0.0,1.0,0.0,1.0,0.0,1.0,0.0,1.0,0.0,1.0,0.0,0.0,1.0
191,1,-0.3866707201133388,1.0,2.6390573296152584,13.0,0.0,64.0,19.0,1.0,1.0,0.0,0.0,1.0,0.0,0.0,0.0,1.0,1.0,0.0,1.0,0.0
192,0,-0.3866707201133388,0.0,2.6390573296152584,13.0,0.0,38.0,21.0,0.0,1.0,0.0,0.0,0.0,1.0,0.0,1.0,0.0,1.0,0.0,0.0,0.0
193,1,-0.4902797934380587,1.0,2.180891922715322,3.9271,0.0,57.0,47.0,1.0,1.0,0.0,1.0,1.0,0.0,1.0,0.0,0.0,1.0,0.0,0.0,0.0
194,1,-0.12491978668775715,0.0,3.295836866004329,8.666666666666666,1.0,6.0,26.0,1.0,0.0,0.0,0.0,0.0,1.0,0.0,0.0,0.0,0.0,0.0,0.0,0.0
195,1,-0.09027201697708476,1.0,3.357621598945279,27.7208,1.0,44.0,41.0,1.0,0.0,1.0,0.0,1.0,0.0,0.0,0.0,1.0,0.0,1.0,0.0,0.0
196,1,2.301728820789,1.0,4.993969182787072,146.5208,1.0,58.0,20.0,1.0,0.0,1.0,0.0,1.0,0.0,1.0,0.0,0.0,0.0,1.0,0.0,0.0
197,0,-0.49237782784290063,0.0,2.169053700369523,7.75,0.0,78.0,19.0,0.0,1.0,0.0,1.0,0.0,1.0,0.0,1.0,0.0,1.0,0.0,0.0,1.0
198,0,-0.47920571548543794,0.0,2.2411563979973974,4.2021,0.0,126.0,32.0,0.0,1.0,0.0,1.0,0.0,1.0,0.0,1.0,0.0,1.0,0.0,0.0,1.0
199,1,-0.49237782784290063,1.0,2.169053700369523,7.75,0.0,54.0,32.0,1.0,1.0,0.0,1.0,1.0,0.0,1.0,0.0,0.0,1.0,0.0,0.0,0.0
200,0,-0.3866707201133388,1.0,2.6390573296152584,13.0,0.0,48.0,38.0,1.0,1.0,0.0,0.0,1.0,0.0,1.0,0.0,0.0,1.0,0.0,1.0,0.0
201,0,-0.45714212526638004,0.0,2.3513752571634776,9.5,0.0,84.0,30.0,0.0,1.0,0.0,1.0,0.0,1.0,0.0,1.0,0.0,1.0,0.0,0.0,1.0
202,0,0.7519458402879414,0.0,4.256321678298823,6.322727272727272,0.0,78.0,19.0,0.0,1.0,0.0,1.0,0.0,1.0,0.0,1.0,0.0,1.0,0.0,0.0,1.0
203,0,-0.5176307525123133,0.0,2.0143428636837015,6.4958,0.0,102.0,26.0,0.0,1.0,0.0,1.0,0.0,1.0,0.0,1.0,0.0,1.0,0.0,0.0,1.0
204,0,-0.5029485386158568,0.0,2.1071782966514356,7.225,0.0,136.5,20.0,0.0,1.0,0.0,1.0,0.0,1.0,0.0,1.0,0.0,1.0,0.0,0.0,1.0
205,1,-0.4863374216869257,0.0,2.2027647577118348,8.05,0.0,54.0,24.0,0.0,1.0,0.0,1.0,0.0,1.0,0.0,1.0,0.0,1.0,0.0,0.0,1.0
206,0,-0.43776248884929375,1.0,2.4390808375825834,5.23125,1.0,6.0,26.0,1.0,0.0,0.0,1.0,1.0,0.0,1.0,0.0,0.0,0.0,0.0,0.0,0.0
207,0,-0.32928686163157667,0.0,2.8243506567983707,7.925,0.0,96.0,26.0,0.0,1.0,0.0,1.0,0.0,1.0,0.0,1.0,0.0,1.0,0.0,0.0,1.0
208,1,-0.2701412180209885,0.0,2.9850504252071306,18.7875,0.0,78.0,27.0,0.0,1.0,0.0,1.0,0.0,1.0,0.0,1.0,0.0,1.0,0.0,0.0,1.0
209,1,-0.49237782784290063,1.0,2.169053700369523,7.75,0.0,48.0,25.0,1.0,1.0,0.0,1.0,1.0,0.0,1.0,0.0,0.0,1.0,0.0,0.0,0.0
210,1,-0.024246350754841113,0.0,3.4657359027997265,31.0,1.0,40.0,16.0,0.0,0.0,1.0,0.0,0.0,1.0,0.0,1.0,0.0,0.0,0.0,0.0,0.0
211,0,-0.5064721088735089,0.0,2.085672091430472,7.05,0.0,72.0,14.0,0.0,1.0,0.0,1.0,0.0,1.0,0.0,1.0,0.0,1.0,0.0,0.0,1.0
212,1,-0.22559322262067316,1.0,3.091042453358316,21.0,0.0,70.0,26.0,1.0,1.0,0.0,0.0,1.0,0.0,1.0,0.0,0.0,1.0,0.0,1.0,0.0
213,0,-0.5024451714361923,0.0,2.1102132003465894,7.25,0.0,66.0,22.0,0.0,1.0,0.0,1.0,0.0,1.0,0.0,1.0,0.0,1.0,0.0,0.0,1.0
214,0,-0.3866707201133388,0.0,2.6390573296152584,13.0,0.0,60.0,27.0,0.0,1.0,0.0,0.0,0.0,1.0,0.0,1.0,0.0,1.0,0.0,0.0,0.0
215,0,-0.49237782784290063,0.0,2.169053700369523,3.875,0.0,78.0,19.0,0.0,1.0,0.0,1.0,0.0,1.0,0.0,1.0,0.0,1.0,0.0,0.0,1.0
216,1,1.6323350375212924,1.0,4.738607824217808,56.6375,1.0,31.0,23.0,1.0,0.0,1.0,0.0,1.0,0.0,1.0,0.0,0.0,0.0,1.0,0.0,0.0
217,1,-0.4888542575852486,1.0,2.188856327665703,7.925,0.0,81.0,22.0,1.0,1.0,0.0,1.0,1.0,0.0,1.0,0.0,0.0,1.0,0.0,0.0,0.0
218,0,-0.10478509950117394,0.0,3.332204510175204,13.5,0.0,84.0,28.0,0.0,1.0,0.0,0.0,0.0,1.0,0.0,1.0,0.0,1.0,0.0,0.0,0.0
219,1,0.8876878608937296,1.0,4.347586575960343,76.2917,1.0,32.0,21.0,1.0,0.0,1.0,0.0,1.0,0.0,1.0,0.0,0.0,0.0,1.0,0.0,0.0
220,0,-0.43700743807979686,0.0,2.4423470353692043,10.5,0.0,60.0,18.0,0.0,1.0,0.0,0.0,0.0,1.0,0.0,1.0,0.0,1.0,0.0,0.0,0.0
221,1,-0.4863374216869257,0.0,2.2027647577118348,8.05,0.0,48.0,30.0,0.0,1.0,0.0,1.0,0.0,1.0,0.0,1.0,0.0,1.0,0.0,0.0,1.0
222,0,-0.3866707201133388,0.0,2.6390573296152584,13.0,0.0,54.0,20.0,0.0,1.0,0.0,0.0,0.0,1.0,0.0,1.0,0.0,1.0,0.0,0.0,0.0
223,0,-0.4863374216869257,0.0,2.2027647577118348,8.05,0.0,153.0,23.0,0.0,1.0,0.0,1.0,0.0,1.0,0.0,1.0,0.0,1.0,0.0,0.0,1.0
224,0,-0.4894421904510968,0.0,2.1855792552411137,7.8958,0.0,78.0,20.0,0.0,1.0,0.0,1.0,0.0,1.0,0.0,1.0,0.0,1.0,0.0,0.0,1.0
225,1,1.163700193253568,0.0,4.51085950651685,45.0,1.0,38.0,28.0,0.0,0.0,1.0,0.0,0.0,1.0,0.0,1.0,0.0,0.0,0.0,0.0,0.0
226,0,-0.4601623283443675,0.0,2.336986519711378,9.35,0.0,66.0,28.0,0.0,1.0,0.0,1.0,0.0,1.0,0.0,1.0,0.0,1.0,0.0,0.0,1.0
227,1,-0.43700743807979686,0.0,2.4423470353692043,10.5,0.0,38.0,25.0,0.0,1.0,0.0,0.0,0.0,1.0,0.0,1.0,0.0,1.0,0.0,0.0,0.0
228,0,-0.5024451714361923,0.0,2.1102132003465894,7.25,0.0,61.5,31.0,0.0,1.0,0.0,1.0,0.0,1.0,0.0,1.0,0.0,1.0,0.0,0.0,1.0
229,0,-0.3866707201133388,0.0,2.6390573296152584,13.0,0.0,36.0,25.0,0.0,1.0,0.0,0.0,0.0,1.0,0.0,1.0,0.0,1.0,0.0,0.0,0.0
230,0,-0.13565761536436197,1.0,3.275887339030031,5.0933399999999995,0.0,54.0,23.0,1.0,1.0,0.0,1.0,1.0,0.0,1.0,0.0,0.0,1.0,0.0,0.0,0.0
231,1,1.0323213593611125,1.0,4.436455632600354,41.7375,1.0,35.0,44.0,1.0,0.0,1.0,0.0,1.0,0.0,0.0,0.0,1.0,0.0,1.0,0.0,0.0
232,0,-0.4918744606632361,0.0,2.1719067693519296,7.775,0.0,87.0,24.0,0.0,1.0,0.0,1.0,0.0,1.0,0.0,1.0,0.0,1.0,0.0,0.0,1.0
233,0,-0.3766033765200472,0.0,2.6741486494265287,13.5,0.0,118.0,25.0,0.0,1.0,0.0,0.0,0.0,1.0,0.0,1.0,0.0,1.0,0.0,0.0,0.0
234,1,-0.016444159470040135,1.0,3.4777725458882283,4.483928571428572,0.0,15.0,30.0,1.0,1.0,0.0,1.0,1.0,0.0,1.0,0.0,0.0,1.0,0.0,0.0,0.0
235,0,-0.43700743807979686,0.0,2.4423470353692043,10.5,0.0,48.0,33.0,0.0,1.0,0.0,0.0,0.0,1.0,0.0,1.0,0.0,1.0,0.0,0.0,0.0
236,0,-0.49640476528021726,1.0,2.145931282948669,7.55,0.0,54.0,28.0,1.0,1.0,0.0,1.0,1.0,0.0,1.0,0.0,0.0,1.0,0.0,0.0,0.0
237,0,-0.12491978668775715,0.0,3.295836866004329,13.0,0.0,88.0,17.0,0.0,1.0,0.0,0.0,0.0,1.0,0.0,1.0,0.0,1.0,0.0,0.0,0.0
238,1,-0.11988611489111134,1.0,3.305053521109253,8.75,0.0,16.0,32.0,1.0,1.0,0.0,0.0,1.0,0.0,1.0,0.0,0.0,1.0,0.0,1.0,0.0
239,0,-0.43700743807979686,0.0,2.4423470353692043,10.5,0.0,38.0,31.0,0.0,1.0,0.0,0.0,0.0,1.0,0.0,1.0,0.0,1.0,0.0,0.0,0.0
240,0,-0.4012683683236117,0.0,2.5858825671280026,12.275,0.0,66.0,22.0,0.0,1.0,0.0,0.0,0.0,1.0,0.0,1.0,0.0,1.0,0.0,0.0,0.0
241,0,-0.3573908580066095,1.0,2.737880811060884,7.2271,0.0,54.0,21.0,1.0,1.0,0.0,1.0,1.0,0.0,1.0,0.0,0.0,1.0,0.0,0.0,0.0
242,1,-0.3363340021468808,1.0,2.803360380906535,7.75,0.0,54.0,30.0,1.0,1.0,0.0,1.0,1.0,0.0,1.0,0.0,0.0,1.0,0.0,0.0,0.0
243,0,-0.43700743807979686,0.0,2.4423470353692043,10.5,0.0,58.0,31.0,0.0,1.0,0.0,0.0,0.0,1.0,0.0,1.0,0.0,1.0,0.0,0.0,0.0
244,0,-0.5049620073345151,0.0,2.094945728215801,7.125,0.0,66.0,29.0,0.0,1.0,0.0,1.0,0.0,1.0,0.0,1.0,0.0,1.0,0.0,0.0,1.0
245,0,-0.5029485386158568,0.0,2.1071782966514356,7.225,0.0,90.0,20.0,0.0,1.0,0.0,1.0,0.0,1.0,0.0,1.0,0.0,1.0,0.0,0.0,1.0
246,0,1.163700193253568,0.0,4.51085950651685,30.0,1.0,44.0,27.0,0.0,0.0,1.0,0.0,0.0,1.0,0.0,0.0,0.0,0.0,0.0,0.0,0.0
247,0,-0.4918744606632361,1.0,2.1719067693519296,7.775,0.0,75.0,37.0,1.0,1.0,0.0,1.0,1.0,0.0,1.0,0.0,0.0,1.0,0.0,0.0,0.0
248,1,-0.35646868933346404,1.0,2.740840023925201,4.833333333333333,0.0,48.0,31.0,1.0,1.0,0.0,0.0,1.0,0.0,0.0,0.0,1.0,1.0,0.0,1.0,0.0
249,1,0.40974072380221066,0.0,3.9806942251907276,17.518066666666666,1.0,37.0,29.0,0.0,0.0,1.0,0.0,0.0,1.0,0.0,1.0,0.0,0.0,0.0,0.0,0.0
250,0,-0.12491978668775715,0.0,3.295836866004329,13.0,0.0,108.0,29.0,0.0,1.0,0.0,0.0,0.0,1.0,0.0,0.0,0.0,1.0,0.0,0.0,0.0
251,0,-0.5024451714361923,0.0,2.1102132003465894,7.25,0.0,78.0,22.0,0.0,1.0,0.0,1.0,0.0,1.0,0.0,1.0,0.0,1.0,0.0,0.0,1.0
252,0,-0.43776248884929375,1.0,2.4390808375825834,3.4875000000000003,1.0,87.0,42.0,1.0,0.0,0.0,1.0,1.0,0.0,0.0,0.0,1.0,0.0,0.0,0.0,0.0
253,0,-0.11384570873513637,0.0,3.3160025355989236,26.55,1.0,62.0,25.0,0.0,0.0,1.0,0.0,0.0,1.0,0.0,1.0,0.0,0.0,0.0,0.0,0.0
254,0,-0.32425318983493084,0.0,2.8390784635086144,8.05,0.0,90.0,24.0,0.0,1.0,0.0,1.0,0.0,1.0,0.0,1.0,0.0,1.0,0.0,0.0,1.0
255,0,-0.2414492887801075,1.0,3.0545906305603445,6.7375,0.0,123.0,40.0,1.0,1.0,0.0,1.0,1.0,0.0,0.0,0.0,1.0,1.0,0.0,0.0,0.0
256,1,-0.3414522396297103,1.0,2.7878344138303452,5.081933333333333,0.0,87.0,39.0,1.0,1.0,0.0,1.0,1.0,0.0,0.0,0.0,1.0,1.0,0.0,0.0,0.0
257,1,0.9462455716384695,1.0,4.384523514872469,79.2,0.0,40.0,30.0,1.0,1.0,1.0,0.0,1.0,0.0,0.0,0.0,1.0,1.0,1.0,0.0,0.0
258,1,1.093228788100527,1.0,4.471638793363569,86.5,1.0,30.0,20.0,1.0,0.0,1.0,0.0,1.0,0.0,1.0,0.0,0.0,0.0,1.0,0.0,0.0
259,1,9.667166525013505,1.0,6.240917354759096,512.3292,0.0,35.0,16.0,1.0,1.0,1.0,0.0,1.0,0.0,1.0,0.0,0.0,1.0,1.0,0.0,0.0
260,1,-0.12491978668775715,1.0,3.295836866004329,13.0,0.0,100.0,27.0,1.0,1.0,0.0,0.0,1.0,0.0,0.0,0.0,1.0,1.0,0.0,1.0,0.0
261,0,-0.49237782784290063,0.0,2.169053700369523,7.75,0.0,78.0,17.0,0.0,1.0,0.0,1.0,0.0,1.0,0.0,1.0,0.0,1.0,0.0,0.0,1.0
262,1,-0.016444159470040135,0.0,3.4777725458882283,4.483928571428572,0.0,9.0,33.0,1.0,1.0,0.0,1.0,0.0,1.0,0.0,0.0,0.0,1.0,0.0,0.0,1.0
263,0,0.955306180872432,0.0,4.390118804571218,26.55,1.0,52.0,17.0,0.0,0.0,1.0,0.0,0.0,1.0,0.0,1.0,0.0,0.0,0.0,0.0,0.0
264,0,-0.6484216535389205,0.0,0.0,0.0,1.0,40.0,21.0,0.0,0.0,1.0,0.0,0.0,1.0,0.0,1.0,0.0,0.0,0.0,0.0,0.0
265,0,-0.49237782784290063,1.0,2.169053700369523,7.75,0.0,54.0,18.0,1.0,1.0,0.0,1.0,1.0,0.0,1.0,0.0,0.0,1.0,0.0,0.0,0.0
266,0,-0.43700743807979686,0.0,2.4423470353692043,10.5,0.0,72.0,17.0,0.0,1.0,0.0,0.0,0.0,1.0,0.0,1.0,0.0,1.0,0.0,0.0,0.0
267,0,0.1506737441786005,0.0,3.705920919968788,6.614583333333333,0.0,48.0,25.0,0.0,1.0,0.0,1.0,0.0,1.0,0.0,1.0,0.0,1.0,0.0,0.0,1.0
268,1,-0.4918744606632361,0.0,2.1719067693519296,3.8875,0.0,75.0,24.0,0.0,1.0,0.0,1.0,0.0,1.0,0.0,1.0,0.0,1.0,0.0,0.0,1.0
269,1,2.441497778832105,1.0,5.039951348430309,76.73125,1.0,58.0,45.0,1.0,0.0,1.0,0.0,1.0,0.0,0.0,0.0,1.0,0.0,1.0,0.0,0.0
270,1,2.0825124140450755,1.0,4.91730069488021,135.6333,1.0,35.0,22.0,1.0,0.0,1.0,0.0,1.0,0.0,1.0,0.0,0.0,0.0,1.0,0.0,0.0
271,0,-0.024246350754841113,0.0,3.4657359027997265,31.0,0.0,40.0,21.0,0.0,1.0,1.0,0.0,0.0,1.0,0.0,1.0,0.0,1.0,0.0,0.0,0.0
272,1,-0.6484216535389205,0.0,0.0,0.0,0.0,75.0,28.0,0.0,1.0,0.0,1.0,0.0,1.0,0.0,1.0,0.0,1.0,0.0,0.0,1.0
273,1,-0.255795253400548,1.0,3.0204248861443626,9.75,0.0,82.0,41.0,1.0,1.0,0.0,0.0,1.0,0.0,0.0,0.0,1.0,1.0,0.0,1.0,0.0
274,0,-0.05042144409739929,0.0,3.4242626545931514,14.85,1.0,37.0,21.0,0.0,0.0,1.0,0.0,0.0,1.0,0.0,1.0,0.0,0.0,0.0,0.0,0.0
275,1,-0.49237782784290063,1.0,2.169053700369523,7.75,0.0,54.0,26.0,1.0,1.0,0.0,1.0,1.0,0.0,1.0,0.0,0.0,1.0,0.0,0.0,0.0
276,1,0.921244330558889,1.0,4.368919865004903,38.97915,1.0,63.0,33.0,1.0,0.0,1.0,0.0,1.0,0.0,1.0,0.0,0.0,0.0,1.0,0.0,0.0
277,0,-0.49237782784290063,1.0,2.169053700369523,7.75,0.0,135.0,33.0,1.0,1.0,0.0,1.0,1.0,0.0,1.0,0.0,0.0,1.0,0.0,0.0,0.0
278,0,-0.6484216535389205,0.0,0.0,0.0,0.0,62.0,27.0,0.0,1.0,0.0,0.0,0.0,1.0,0.0,1.0,0.0,1.0,0.0,0.0,0.0
279,0,-0.06199888922968463,0.0,3.405355391810819,4.854166666666667,0.0,21.0,18.0,1.0,1.0,0.0,1.0,0.0,1.0,0.0,0.0,0.0,1.0,0.0,0.0,1.0
280,1,-0.24069423801061057,1.0,3.056356895370426,6.75,0.0,105.0,32.0,1.0,1.0,0.0,1.0,1.0,0.0,0.0,0.0,1.0,1.0,0.0,0.0,0.0
281,0,-0.49237782784290063,0.0,2.169053700369523,7.75,0.0,195.0,16.0,0.0,1.0,0.0,1.0,0.0,1.0,0.0,1.0,0.0,1.0,0.0,0.0,1.0
282,0,-0.4902797934380587,0.0,2.180891922715322,7.8542,0.0,84.0,32.0,0.0,1.0,0.0,1.0,0.0,1.0,0.0,1.0,0.0,1.0,0.0,0.0,1.0
283,0,-0.45714212526638004,0.0,2.3513752571634776,9.5,0.0,48.0,25.0,0.0,1.0,0.0,1.0,0.0,1.0,0.0,1.0,0.0,1.0,0.0,0.0,1.0
284,1,-0.4863374216869257,0.0,2.2027647577118348,8.05,0.0,57.0,26.0,0.0,1.0,0.0,1.0,0.0,1.0,0.0,1.0,0.0,1.0,0.0,0.0,1.0
285,0,-0.12491978668775715,0.0,3.295836866004329,26.0,1.0,40.0,26.0,0.0,0.0,1.0,0.0,0.0,1.0,0.0,1.0,0.0,0.0,0.0,0.0,0.0
286,0,-0.47400492578514347,0.0,2.2682524139135403,8.6625,0.0,99.0,19.0,0.0,1.0,0.0,1.0,0.0,1.0,0.0,1.0,0.0,1.0,0.0,0.0,1.0
287,1,-0.45714212526638004,0.0,2.3513752571634776,9.5,0.0,90.0,23.0,0.0,1.0,0.0,1.0,0.0,1.0,0.0,1.0,0.0,1.0,0.0,0.0,1.0
288,0,-0.4894421904510968,0.0,2.1855792552411137,7.8958,0.0,66.0,20.0,0.0,1.0,0.0,1.0,0.0,1.0,0.0,1.0,0.0,1.0,0.0,0.0,1.0
289,1,-0.3866707201133388,0.0,2.6390573296152584,13.0,0.0,84.0,20.0,0.0,1.0,0.0,0.0,0.0,1.0,0.0,1.0,0.0,1.0,0.0,0.0,0.0
290,1,-0.49237782784290063,1.0,2.169053700369523,7.75,0.0,66.0,20.0,1.0,1.0,0.0,1.0,1.0,0.0,1.0,0.0,0.0,1.0,0.0,0.0,0.0
291,1,0.9391984311231651,1.0,4.380149874661021,78.85,0.0,26.0,28.0,1.0,1.0,1.0,0.0,1.0,0.0,1.0,0.0,0.0,1.0,1.0,0.0,0.0
292,1,1.1854295476653287,1.0,4.5226490762785785,45.5396,1.0,19.0,39.0,1.0,0.0,1.0,0.0,1.0,0.0,0.0,0.0,1.0,0.0,1.0,0.0,0.0
293,0,-0.3891875560116617,0.0,2.630088659632498,12.875,1.0,72.0,22.0,0.0,0.0,0.0,0.0,0.0,1.0,0.0,1.0,0.0,0.0,0.0,0.0,0.0
294,0,-0.4702296719376591,1.0,2.2874714551839976,8.85,0.0,72.0,19.0,1.0,1.0,0.0,1.0,1.0,0.0,1.0,0.0,0.0,1.0,0.0,0.0,0.0
295,0,-0.4894421904510968,0.0,2.1855792552411137,7.8958,0.0,72.0,16.0,0.0,1.0,0.0,1.0,0.0,1.0,0.0,1.0,0.0,1.0,0.0,0.0,1.0
296,0,-0.09027201697708476,0.0,3.357621598945279,27.7208,0.0,40.0,17.0,0.0,1.0,1.0,0.0,0.0,1.0,0.0,1.0,0.0,1.0,0.0,0.0,0.0
297,0,-0.5028639729296732,0.0,2.1076888046179385,7.2292,0.0,70.5,18.0,0.0,1.0,0.0,1.0,0.0,1.0,0.0,1.0,0.0,1.0,0.0,0.0,1.0
298,0,2.4029901895877646,1.0,5.027492411162679,37.8875,1.0,2.0,28.0,1.0,0.0,1.0,0.0,1.0,0.0,1.0,0.0,0.0,0.0,1.0,0.0,0.0
299,1,-0.034313694348132716,0.0,3.449987545831587,30.5,1.0,40.0,21.0,0.0,0.0,1.0,0.0,0.0,1.0,0.0,1.0,0.0,0.0,0.0,0.0,0.0
300,1,4.335332226633905,1.0,5.515526544247129,123.7604,1.0,50.0,47.0,1.0,0.0,1.0,0.0,1.0,0.0,0.0,0.0,1.0,0.0,1.0,0.0,0.0
301,1,-0.49237782784290063,1.0,2.169053700369523,7.75,0.0,54.0,40.0,1.0,1.0,0.0,1.0,1.0,0.0,1.0,0.0,0.0,1.0,0.0,0.0,0.0
302,1,-0.18029017645086096,0.0,3.188416617383492,7.75,0.0,78.0,18.0,0.0,1.0,0.0,1.0,0.0,1.0,0.0,1.0,0.0,1.0,0.0,0.0,1.0
303,0,-0.6484216535389205,0.0,0.0,0.0,0.0,57.0,31.0,0.0,1.0,0.0,1.0,0.0,1.0,0.0,1.0,0.0,1.0,0.0,0.0,1.0
304,1,-0.3997582667846179,1.0,2.5915163848462583,12.35,1.0,48.0,19.0,1.0,0.0,0.0,0.0,1.0,0.0,1.0,0.0,0.0,0.0,0.0,1.0,0.0
305,0,-0.4863374216869257,0.0,2.2027647577118348,8.05,0.0,78.0,33.0,0.0,1.0,0.0,1.0,0.0,1.0,0.0,1.0,0.0,1.0,0.0,0.0,1.0
306,1,2.4029901895877646,0.0,5.027492411162679,37.8875,1.0,0.92,30.0,1.0,0.0,1.0,0.0,0.0,1.0,0.0,0.0,0.0,0.0,0.0,0.0,0.0
307,1,1.5841789061771412,1.0,4.717456363787216,110.8833,0.0,30.0,23.0,1.0,1.0,1.0,0.0,1.0,0.0,1.0,0.0,0.0,1.0,1.0,0.0,0.0
308,1,1.5442457810799908,1.0,4.699570861409576,54.45,1.0,17.0,82.0,1.0,0.0,1.0,0.0,1.0,0.0,0.0,0.0,1.0,0.0,1.0,0.0,0.0
309,0,-0.16518916106092355,0.0,3.2188758248682006,12.0,0.0,60.0,19.0,0.0,1.0,0.0,0.0,0.0,1.0,0.0,1.0,0.0,1.0,0.0,0.0,0.0
310,1,0.49782998024351216,1.0,4.0592215752427645,56.9292,1.0,30.0,30.0,1.0,0.0,1.0,0.0,1.0,0.0,1.0,0.0,0.0,0.0,1.0,0.0,0.0
311,1,1.0259447039291216,1.0,4.432699549165613,83.1583,1.0,24.0,30.0,1.0,0.0,1.0,0.0,1.0,0.0,1.0,0.0,0.0,0.0,1.0,0.0,0.0
312,1,4.634416897040849,1.0,5.5735788721243535,52.475,1.0,18.0,26.0,1.0,0.0,1.0,0.0,1.0,0.0,1.0,0.0,0.0,0.0,1.0,0.0,0.0
313,0,-0.12491978668775715,1.0,3.295836866004329,8.666666666666666,0.0,52.0,37.0,1.0,1.0,0.0,0.0,1.0,0.0,0.0,0.0,1.0,1.0,0.0,1.0,0.0
314,0,-0.4894421904510968,0.0,2.1855792552411137,7.8958,0.0,84.0,22.0,0.0,1.0,0.0,1.0,0.0,1.0,0.0,1.0,0.0,1.0,0.0,0.0,1.0
315,0,-0.11988611489111134,0.0,3.305053521109253,8.75,0.0,86.0,18.0,0.0,1.0,0.0,0.0,0.0,1.0,0.0,1.0,0.0,1.0,0.0,0.0,0.0
316,1,-0.4902797934380587,1.0,2.180891922715322,7.8542,0.0,78.0,31.0,1.0,1.0,0.0,1.0,1.0,0.0,1.0,0.0,0.0,1.0,0.0,0.0,0.0
317,1,-0.12491978668775715,1.0,3.295836866004329,13.0,0.0,48.0,35.0,1.0,1.0,0.0,0.0,1.0,0.0,0.0,0.0,1.0,1.0,0.0,1.0,0.0
318,0,-0.36653603292675563,0.0,2.70805020110221,14.0,0.0,108.0,20.0,0.0,1.0,0.0,0.0,0.0,1.0,0.0,0.0,0.0,1.0,0.0,0.0,0.0
319,1,2.671117778445337,1.0,5.11118445372147,54.95556666666667,1.0,31.0,24.0,1.0,0.0,1.0,0.0,1.0,0.0,1.0,0.0,0.0,0.0,1.0,0.0,0.0
320,1,2.059693773056521,1.0,4.908971640319756,44.833333333333336,1.0,40.0,56.0,1.0,0.0,1.0,0.0,1.0,0.0,0.0,0.0,1.0,0.0,1.0,0.0,0.0
321,0,-0.5024451714361923,0.0,2.1102132003465894,7.25,0.0,66.0,18.0,0.0,1.0,0.0,1.0,0.0,1.0,0.0,1.0,0.0,1.0,0.0,0.0,1.0
322,0,-0.4894421904510968,0.0,2.1855792552411137,7.8958,0.0,81.0,16.0,0.0,1.0,0.0,1.0,0.0,1.0,0.0,1.0,0.0,1.0,0.0,0.0,1.0
323,1,-0.3997582667846179,1.0,2.5915163848462583,12.35,0.0,60.0,25.0,1.0,1.0,0.0,0.0,1.0,0.0,1.0,0.0,0.0,1.0,0.0,1.0,0.0
324,1,-0.06451572512800753,1.0,3.4011973816621555,9.666666666666666,0.0,44.0,51.0,1.0,1.0,0.0,0.0,1.0,0.0,0.0,0.0,1.0,1.0,0.0,1.0,0.0
325,0,0.7519458402879414,0.0,4.256321678298823,6.322727272727272,0.0,78.0,24.0,0.0,1.0,0.0,1.0,0.0,1.0,0.0,1.0,0.0,1.0,0.0,0.0,1.0
326,1,2.0825124140450755,1.0,4.91730069488021,135.6333,1.0,36.0,24.0,1.0,0.0,1.0,0.0,1.0,0.0,1.0,0.0,0.0,0.0,1.0,0.0,0.0
327,0,-0.5228315422126077,0.0,1.9792758428991135,6.2375,0.0,183.0,25.0,0.0,1.0,0.0,1.0,0.0,1.0,0.0,1.0,0.0,1.0,0.0,0.0,1.0
328,1,-0.3866707201133388,1.0,2.6390573296152584,13.0,1.0,72.0,23.0,1.0,0.0,0.0,0.0,1.0,0.0,0.0,0.0,1.0,0.0,0.0,1.0,0.0
329,1,-0.2351571990343002,1.0,3.0692150503137943,6.841666666666666,0.0,93.0,46.0,1.0,1.0,0.0,1.0,1.0,0.0,0.0,0.0,1.0,1.0,0.0,0.0,0.0
330,1,0.5189714017894245,1.0,4.077184839375167,28.9896,1.0,16.0,28.0,1.0,0.0,1.0,0.0,1.0,0.0,1.0,0.0,0.0,0.0,1.0,0.0,0.0
331,1,-0.18029017645086096,1.0,3.188416617383492,7.75,0.0,54.0,18.0,1.0,1.0,0.0,1.0,1.0,0.0,1.0,0.0,0.0,1.0,0.0,0.0,0.0
332,0,-0.07458306872129913,0.0,3.3843902633457743,28.5,1.0,45.5,19.0,0.0,0.0,1.0,0.0,0.0,1.0,0.0,1.0,0.0,0.0,0.0,0.0,0.0
333,0,2.441497778832105,0.0,5.039951348430309,76.73125,1.0,38.0,25.0,0.0,0.0,1.0,0.0,0.0,1.0,0.0,1.0,0.0,0.0,0.0,0.0,0.0
334,0,-0.2859972841804228,0.0,2.9444389791664403,6.0,0.0,48.0,31.0,0.0,1.0,0.0,1.0,0.0,1.0,0.0,1.0,0.0,1.0,0.0,0.0,1.0
335,1,2.042579288947925,1.0,4.902678819257608,66.825,0.0,40.0,50.0,1.0,1.0,1.0,0.0,1.0,0.0,0.0,0.0,1.0,1.0,1.0,0.0,0.0
336,0,-0.4894421904510968,0.0,2.1855792552411137,7.8958,0.0,78.0,18.0,0.0,1.0,0.0,1.0,0.0,1.0,0.0,1.0,0.0,1.0,0.0,0.0,1.0
337,0,0.6925485130875209,0.0,4.213607983048918,33.3,1.0,29.0,25.0,0.0,0.0,1.0,0.0,0.0,1.0,0.0,1.0,0.0,0.0,0.0,0.0,0.0
338,1,2.059693773056521,1.0,4.908971640319756,134.5,1.0,41.0,31.0,1.0,0.0,1.0,0.0,1.0,0.0,1.0,0.0,0.0,0.0,1.0,0.0,0.0
339,1,-0.4863374216869257,0.0,2.2027647577118348,8.05,0.0,135.0,21.0,0.0,1.0,0.0,1.0,0.0,1.0,0.0,1.0,0.0,1.0,0.0,0.0,1.0
340,0,0.06635974158478332,0.0,3.597312260588446,35.5,1.0,45.0,28.0,0.0,0.0,1.0,0.0,0.0,1.0,0.0,1.0,0.0,0.0,0.0,0.0,0.0
341,1,-0.12491978668775715,0.0,3.295836866004329,8.666666666666666,1.0,4.0,30.0,1.0,0.0,0.0,0.0,0.0,1.0,0.0,0.0,0.0,0.0,0.0,0.0,0.0
342,1,4.647001076532463,1.0,5.575949103146316,43.833333333333336,1.0,24.0,30.0,1.0,0.0,1.0,0.0,1.0,0.0,1.0,0.0,0.0,0.0,1.0,0.0,0.0
343,0,-0.3866707201133388,0.0,2.6390573296152584,13.0,0.0,56.0,26.0,0.0,1.0,0.0,0.0,0.0,1.0,0.0,1.0,0.0,1.0,0.0,0.0,0.0
344,0,-0.3866707201133388,0.0,2.6390573296152584,13.0,0.0,50.0,42.0,0.0,1.0,0.0,0.0,0.0,1.0,0.0,1.0,0.0,1.0,0.0,0.0,0.0
345,0,-0.3866707201133388,0.0,2.6390573296152584,13.0,0.0,72.0,23.0,0.0,1.0,0.0,0.0,0.0,1.0,0.0,1.0,0.0,1.0,0.0,0.0,0.0
346,1,-0.3866707201133388,1.0,2.6390573296152584,13.0,1.0,48.0,29.0,1.0,0.0,0.0,0.0,1.0,0.0,1.0,0.0,0.0,0.0,0.0,1.0,0.0
347,1,-0.3866707201133388,1.0,2.6390573296152584,13.0,0.0,80.0,25.0,1.0,1.0,0.0,0.0,1.0,0.0,1.0,0.0,0.0,1.0,0.0,1.0,0.0
348,1,-0.32425318983493084,1.0,2.8390784635086144,8.05,0.0,93.0,41.0,1.0,1.0,0.0,1.0,1.0,0.0,0.0,0.0,1.0,1.0,0.0,0.0,0.0
349,1,-0.32828012727224753,0.0,2.827313621929028,5.3,0.0,9.0,38.0,1.0,1.0,0.0,1.0,0.0,1.0,0.0,0.0,0.0,1.0,0.0,0.0,1.0
350,0,-0.47400492578514347,0.0,2.2682524139135403,8.6625,0.0,126.0,16.0,0.0,1.0,0.0,1.0,0.0,1.0,0.0,1.0,0.0,1.0,0.0,0.0,1.0
351,0,-0.4626791642426904,0.0,2.3248357019288655,9.225,0.0,69.0,22.0,0.0,1.0,0.0,1.0,0.0,1.0,0.0,1.0,0.0,1.0,0.0,0.0,1.0
352,0,0.05629239799149171,0.0,3.58351893845611,35.0,1.0,40.0,38.0,0.0,0.0,1.0,0.0,0.0,1.0,0.0,1.0,0.0,0.0,0.0,0.0,0.0
353,0,-0.5028639729296732,0.0,2.1076888046179385,2.409733333333333,0.0,45.0,18.0,1.0,1.0,0.0,1.0,0.0,1.0,0.0,1.0,0.0,1.0,0.0,0.0,1.0
354,0,-0.29002422161773944,0.0,2.9338568698359038,8.9,0.0,75.0,25.0,0.0,1.0,0.0,1.0,0.0,1.0,0.0,1.0,0.0,1.0,0.0,0.0,1.0
355,0,-0.5029485386158568,0.0,2.1071782966514356,7.225,0.0,78.0,17.0,0.0,1.0,0.0,1.0,0.0,1.0,0.0,1.0,0.0,1.0,0.0,0.0,1.0
356,0,-0.45714212526638004,0.0,2.3513752571634776,9.5,0.0,84.0,27.0,0.0,1.0,0.0,1.0,0.0,1.0,0.0,1.0,0.0,1.0,0.0,0.0,1.0
357,1,0.4589861417231558,1.0,4.02535169073515,27.5,1.0,22.0,27.0,1.0,0.0,1.0,0.0,1.0,0.0,1.0,0.0,0.0,0.0,1.0,0.0,0.0
358,0,-0.3866707201133388,1.0,2.6390573296152584,13.0,0.0,76.0,25.0,1.0,1.0,0.0,0.0,1.0,0.0,1.0,0.0,0.0,1.0,0.0,1.0,0.0
359,1,-0.48977642625839407,1.0,2.1837114628556327,7.8792,0.0,54.0,20.0,1.0,1.0,0.0,1.0,1.0,0.0,1.0,0.0,0.0,1.0,0.0,0.0,0.0
360,1,-0.48977642625839407,1.0,2.1837114628556327,7.8792,0.0,54.0,33.0,1.0,1.0,0.0,1.0,1.0,0.0,1.0,0.0,0.0,1.0,0.0,0.0,0.0
361,0,-0.08666388103324908,0.0,3.3638415951183864,4.6499999999999995,0.0,120.0,18.0,0.0,1.0,0.0,1.0,0.0,1.0,0.0,1.0,0.0,1.0,0.0,0.0,1.0
362,0,-0.09027201697708476,0.0,3.357621598945279,13.8604,0.0,58.0,25.0,0.0,1.0,0.0,0.0,0.0,1.0,0.0,1.0,0.0,1.0,0.0,0.0,0.0
363,0,-0.3573908580066095,1.0,2.737880811060884,7.2271,0.0,135.0,31.0,1.0,1.0,0.0,1.0,1.0,0.0,0.0,0.0,1.0,1.0,0.0,0.0,0.0
364,0,-0.5064721088735089,0.0,2.085672091430472,7.05,0.0,105.0,15.0,0.0,1.0,0.0,1.0,0.0,1.0,0.0,1.0,0.0,1.0,0.0,0.0,1.0
365,0,-0.3363340021468808,0.0,2.803360380906535,7.75,0.0,78.0,19.0,0.0,1.0,0.0,1.0,0.0,1.0,0.0,1.0,0.0,1.0,0.0,0.0,1.0
366,0,-0.5024451714361923,0.0,2.1102132003465894,7.25,0.0,90.0,30.0,0.0,1.0,0.0,1.0,0.0,1.0,0.0,1.0,0.0,1.0,0.0,0.0,1.0
367,1,0.8667135572514657,1.0,4.334017415487521,37.625,1.0,60.0,48.0,1.0,0.0,1.0,0.0,1.0,0.0,0.0,0.0,1.0,0.0,1.0,0.0,0.0
368,1,-0.5028639729296732,1.0,2.1076888046179385,7.2292,0.0,93.0,30.0,1.0,1.0,0.0,1.0,1.0,0.0,0.0,0.0,1.0,1.0,0.0,0.0,0.0
369,1,-0.49237782784290063,1.0,2.169053700369523,7.75,0.0,54.0,19.0,1.0,1.0,0.0,1.0,1.0,0.0,1.0,0.0,0.0,1.0,0.0,0.0,0.0
370,1,0.7469121684912956,1.0,4.252771798816619,69.3,1.0,24.0,29.0,1.0,0.0,1.0,0.0,1.0,0.0,0.0,0.0,1.0,0.0,1.0,0.0,0.0
371,1,0.4678796330534696,0.0,4.0332082470129285,27.72085,1.0,25.0,27.0,0.0,0.0,1.0,0.0,0.0,1.0,0.0,1.0,0.0,0.0,0.0,0.0,0.0
372,0,-0.5176307525123133,0.0,2.0143428636837015,3.2479,0.0,54.0,25.0,0.0,1.0,0.0,1.0,0.0,1.0,0.0,1.0,0.0,1.0,0.0,0.0,1.0
373,0,-0.4863374216869257,0.0,2.2027647577118348,8.05,0.0,57.0,26.0,0.0,1.0,0.0,1.0,0.0,1.0,0.0,1.0,0.0,1.0,0.0,0.0,1.0
374,0,2.0825124140450755,0.0,4.91730069488021,135.6333,0.0,22.0,19.0,0.0,1.0,1.0,0.0,0.0,1.0,0.0,1.0,0.0,1.0,0.0,0.0,0.0
375,0,-0.22408312108167944,1.0,3.0944457464900235,4.215,0.0,9.0,26.0,1.0,1.0,0.0,1.0,1.0,0.0,1.0,0.0,0.0,1.0,0.0,0.0,0.0
376,1,1.0060617003323709,1.0,4.420896324687287,41.0854,0.0,40.0,37.0,1.0,1.0,1.0,0.0,1.0,0.0,0.0,0.0,1.0,1.0,1.0,0.0,0.0
377,1,-0.5024451714361923,1.0,2.1102132003465894,7.25,0.0,66.0,31.0,1.0,1.0,0.0,1.0,1.0,0.0,1.0,0.0,0.0,1.0,0.0,0.0,0.0
378,0,3.610064686423428,0.0,5.358941988364472,70.5,1.0,27.0,25.0,0.0,0.0,1.0,0.0,0.0,1.0,0.0,1.0,0.0,0.0,0.0,0.0,0.0
379,0,-0.5676312212027554,0.0,1.6119347926326877,4.0125,0.0,60.0,19.0,0.0,1.0,0.0,1.0,0.0,1.0,0.0,1.0,0.0,1.0,0.0,0.0,1.0
380,0,-0.4918744606632361,0.0,2.1719067693519296,7.775,0.0,57.0,27.0,0.0,1.0,0.0,1.0,0.0,1.0,0.0,1.0,0.0,1.0,0.0,0.0,1.0
381,1,3.9327230485884233,1.0,5.4316456135398825,227.525,0.0,42.0,21.0,1.0,1.0,1.0,0.0,1.0,0.0,1.0,0.0,0.0,1.0,1.0,0.0,0.0
382,1,-0.33146744825388363,1.0,2.817902613071225,5.247233333333333,0.0,3.0,27.0,1.0,1.0,0.0,1.0,1.0,0.0,1.0,0.0,0.0,1.0,0.0,0.0,0.0
383,0,-0.4888542575852486,0.0,2.188856327665703,7.925,0.0,96.0,18.0,0.0,1.0,0.0,1.0,0.0,1.0,0.0,1.0,0.0,1.0,0.0,0.0,1.0
384,1,0.39858208016340624,1.0,3.970291913552122,26.0,0.0,35.0,51.0,1.0,1.0,1.0,0.0,1.0,0.0,0.0,0.0,1.0,1.0,1.0,0.0,0.0
385,0,-0.4894421904510968,0.0,2.1855792552411137,7.8958,0.0,78.0,22.0,0.0,1.0,0.0,1.0,0.0,1.0,0.0,1.0,0.0,1.0,0.0,0.0,1.0
386,0,0.8314778546749452,0.0,4.310799125385514,73.5,0.0,36.0,25.0,0.0,1.0,0.0,0.0,0.0,1.0,0.0,1.0,0.0,1.0,0.0,0.0,0.0
387,0,0.2958951755118318,0.0,3.8691155044168695,5.8625,0.0,3.0,31.0,1.0,1.0,0.0,1.0,0.0,1.0,0.0,0.0,0.0,1.0,0.0,0.0,1.0
388,1,-0.3866707201133388,1.0,2.6390573296152584,13.0,0.0,72.0,16.0,1.0,1.0,0.0,0.0,1.0,0.0,1.0,0.0,0.0,1.0,0.0,1.0,0.0
389,0,-0.49279662933638163,0.0,2.1666737276227077,7.7292,0.0,78.0,20.0,0.0,1.0,0.0,1.0,0.0,1.0,0.0,1.0,0.0,1.0,0.0,0.0,1.0
390,1,-0.40680540729992204,1.0,2.5649493574615367,12.0,0.0,34.0,21.0,1.0,1.0,0.0,0.0,1.0,0.0,1.0,0.0,0.0,1.0,0.0,1.0,0.0
391,1,1.7677408088510642,0.0,4.795790545596741,30.0,1.0,36.0,26.0,0.0,0.0,1.0,0.0,0.0,1.0,0.0,1.0,0.0,0.0,0.0,0.0,0.0
392,1,-0.49145565916975514,0.0,2.174274334826008,7.7958,0.0,63.0,22.0,0.0,1.0,0.0,1.0,0.0,1.0,0.0,1.0,0.0,1.0,0.0,0.0,1.0
393,0,-0.4888542575852486,0.0,2.188856327665703,2.6416666666666666,0.0,84.0,28.0,0.0,1.0,0.0,1.0,0.0,1.0,0.0,1.0,0.0,1.0,0.0,0.0,1.0
394,1,1.6323350375212924,1.0,4.738607824217808,56.6375,1.0,23.0,22.0,1.0,0.0,1.0,0.0,1.0,0.0,1.0,0.0,0.0,0.0,1.0,0.0,0.0
395,1,-0.312172377522981,1.0,2.8735646395797834,5.566666666666666,1.0,72.0,51.0,1.0,0.0,0.0,1.0,1.0,0.0,0.0,0.0,1.0,0.0,0.0,0.0,0.0
396,0,-0.49145565916975514,0.0,2.174274334826008,7.7958,0.0,66.0,19.0,0.0,1.0,0.0,1.0,0.0,1.0,0.0,1.0,0.0,1.0,0.0,0.0,1.0
397,0,-0.4902797934380587,1.0,2.180891922715322,7.8542,0.0,93.0,19.0,1.0,1.0,0.0,1.0,1.0,0.0,1.0,0.0,0.0,1.0,0.0,0.0,0.0
398,0,-0.12491978668775715,0.0,3.295836866004329,26.0,0.0,92.0,23.0,0.0,1.0,0.0,0.0,0.0,1.0,0.0,1.0,0.0,1.0,0.0,0.0,0.0
399,0,-0.43700743807979686,0.0,2.4423470353692043,10.5,0.0,46.0,16.0,0.0,1.0,0.0,0.0,0.0,1.0,0.0,0.0,0.0,1.0,0.0,0.0,0.0
400,1,-0.393717860628643,1.0,2.613739521630969,12.65,0.0,56.0,32.0,1.0,1.0,0.0,0.0,1.0,0.0,0.0,0.0,1.0,1.0,0.0,1.0,0.0
401,1,-0.4888542575852486,0.0,2.188856327665703,7.925,0.0,117.0,18.0,0.0,1.0,0.0,1.0,0.0,1.0,0.0,1.0,0.0,1.0,0.0,0.0,1.0
402,0,-0.4863374216869257,0.0,2.2027647577118348,8.05,0.0,78.0,15.0,0.0,1.0,0.0,1.0,0.0,1.0,0.0,1.0,0.0,1.0,0.0,0.0,1.0
403,0,-0.4505983519307405,1.0,2.3818582738885534,4.9125,0.0,63.0,24.0,1.0,1.0,0.0,1.0,1.0,0.0,1.0,0.0,0.0,1.0,0.0,0.0,0.0
404,0,-0.32928686163157667,0.0,2.8243506567983707,7.925,0.0,84.0,30.0,0.0,1.0,0.0,1.0,0.0,1.0,0.0,1.0,0.0,1.0,0.0,0.0,1.0
405,0,-0.47400492578514347,1.0,2.2682524139135403,8.6625,0.0,60.0,23.0,1.0,1.0,0.0,1.0,1.0,0.0,1.0,0.0,0.0,1.0,0.0,0.0,0.0
406,0,-0.22559322262067316,0.0,3.091042453358316,10.5,0.0,68.0,18.0,0.0,1.0,0.0,0.0,0.0,1.0,0.0,1.0,0.0,1.0,0.0,0.0,0.0
407,0,-0.49237782784290063,0.0,2.169053700369523,7.75,0.0,153.0,32.0,0.0,1.0,0.0,1.0,0.0,1.0,0.0,1.0,0.0,1.0,0.0,0.0,1.0
408,1,-0.2708962687904854,0.0,2.9831534913471307,6.25,0.0,6.0,30.0,1.0,1.0,0.0,0.0,0.0,1.0,0.0,0.0,0.0,1.0,0.0,0.0,0.0
409,0,-0.4918744606632361,0.0,2.1719067693519296,7.775,0.0,63.0,33.0,0.0,1.0,0.0,1.0,0.0,1.0,0.0,1.0,0.0,1.0,0.0,0.0,1.0
410,0,-0.13565761536436197,1.0,3.275887339030031,5.0933399999999995,0.0,54.0,18.0,1.0,1.0,0.0,1.0,1.0,0.0,1.0,0.0,0.0,1.0,0.0,0.0,0.0
411,0,-0.4894421904510968,0.0,2.1855792552411137,7.8958,0.0,78.0,18.0,0.0,1.0,0.0,1.0,0.0,1.0,0.0,1.0,0.0,1.0,0.0,0.0,1.0
412,0,-0.5103319284071769,0.0,2.061570298060867,6.8583,0.0,78.0,15.0,0.0,1.0,0.0,1.0,0.0,1.0,0.0,1.0,0.0,1.0,0.0,0.0,1.0
413,1,1.163700193253568,1.0,4.51085950651685,45.0,1.0,33.0,22.0,1.0,0.0,1.0,0.0,1.0,0.0,1.0,0.0,0.0,0.0,1.0,0.0,0.0
414,0,-0.6484216535389205,0.0,0.0,0.0,0.0,62.0,30.0,0.0,1.0,0.0,0.0,0.0,1.0,0.0,1.0,0.0,1.0,0.0,0.0,0.0
415,1,-0.4888542575852486,0.0,2.188856327665703,7.925,0.0,132.0,25.0,0.0,1.0,0.0,1.0,0.0,1.0,0.0,1.0,0.0,1.0,0.0,0.0,1.0
416,0,-0.4863374216869257,1.0,2.2027647577118348,8.05,0.0,93.0,39.0,1.0,1.0,0.0,1.0,1.0,0.0,0.0,0.0,1.0,1.0,0.0,0.0,0.0
417,1,0.005955680025033696,1.0,3.5115454388310208,10.833333333333334,0.0,68.0,47.0,1.0,1.0,0.0,0.0,1.0,0.0,0.0,0.0,1.0,1.0,0.0,1.0,0.0
418,1,-0.3866707201133388,1.0,2.6390573296152584,4.333333333333333,0.0,36.0,29.0,1.0,1.0,0.0,0.0,1.0,0.0,1.0,0.0,0.0,1.0,0.0,1.0,0.0
419,0,-0.3866707201133388,0.0,2.6390573296152584,13.0,0.0,60.0,26.0,0.0,1.0,0.0,0.0,0.0,1.0,0.0,1.0,0.0,1.0,0.0,0.0,0.0
420,0,-0.1621689579829361,1.0,3.224857896545748,8.049999999999999,0.0,30.0,25.0,1.0,1.0,0.0,1.0,1.0,0.0,1.0,0.0,0.0,1.0,0.0,0.0,0.0
421,0,-0.4894421904510968,0.0,2.1855792552411137,7.8958,0.0,78.0,22.0,0.0,1.0,0.0,1.0,0.0,1.0,0.0,1.0,0.0,1.0,0.0,0.0,1.0
422,0,-0.49271407711891657,0.0,2.167143305297764,7.7333,0.0,63.0,19.0,0.0,1.0,0.0,1.0,0.0,1.0,0.0,1.0,0.0,1.0,0.0,0.0,1.0
423,0,-0.4898609919445778,0.0,2.1832383353614797,7.875,0.0,87.0,18.0,0.0,1.0,0.0,1.0,0.0,1.0,0.0,1.0,0.0,1.0,0.0,0.0,1.0
424,0,-0.35848215805212236,1.0,2.7343675094195836,4.8,0.0,84.0,54.0,1.0,1.0,0.0,1.0,1.0,0.0,0.0,0.0,1.0,1.0,0.0,0.0,0.0
425,0,-0.2414492887801075,0.0,3.0545906305603445,6.7375,0.0,54.0,27.0,0.0,1.0,0.0,1.0,0.0,1.0,0.0,1.0,0.0,1.0,0.0,0.0,1.0
426,0,-0.5024451714361923,0.0,2.1102132003465894,7.25,0.0,78.0,22.0,0.0,1.0,0.0,1.0,0.0,1.0,0.0,1.0,0.0,1.0,0.0,0.0,1.0
427,1,-0.12491978668775715,1.0,3.295836866004329,13.0,0.0,56.0,43.0,1.0,1.0,0.0,0.0,1.0,0.0,0.0,0.0,1.0,1.0,0.0,1.0,0.0
428,1,-0.12491978668775715,1.0,3.295836866004329,26.0,0.0,38.0,67.0,1.0,1.0,0.0,0.0,1.0,0.0,1.0,0.0,0.0,1.0,0.0,1.0,0.0
429,0,-0.49237782784290063,0.0,2.169053700369523,7.75,0.0,78.0,16.0,0.0,1.0,0.0,1.0,0.0,1.0,0.0,1.0,0.0,1.0,0.0,0.0,1.0
430,1,-0.4863374216869257,0.0,2.2027647577118348,8.05,1.0,96.0,34.0,0.0,0.0,0.0,1.0,0.0,1.0,0.0,1.0,0.0,0.0,0.0,0.0,1.0
431,1,-0.11384570873513637,0.0,3.3160025355989236,26.55,1.0,28.0,41.0,0.0,0.0,1.0,0.0,0.0,1.0,0.0,1.0,0.0,0.0,0.0,0.0,0.0
432,1,-0.32425318983493084,1.0,2.8390784635086144,8.05,0.0,93.0,49.0,1.0,1.0,0.0,1.0,1.0,0.0,0.0,0.0,1.0,1.0,0.0,0.0,0.0
433,1,-0.12491978668775715,1.0,3.295836866004329,13.0,0.0,84.0,51.0,1.0,1.0,0.0,0.0,1.0,0.0,0.0,0.0,1.0,1.0,0.0,1.0,0.0
434,0,-0.5049620073345151,0.0,2.094945728215801,7.125,0.0,51.0,26.0,0.0,1.0,0.0,1.0,0.0,1.0,0.0,1.0,0.0,1.0,0.0,0.0,1.0
435,0,0.4771073601910807,0.0,4.041295341132285,27.95,1.0,50.0,25.0,0.0,0.0,1.0,0.0,0.0,1.0,0.0,1.0,0.0,0.0,0.0,0.0,0.0
436,1,1.7677408088510642,1.0,4.795790545596741,30.0,1.0,14.0,25.0,1.0,0.0,1.0,0.0,1.0,0.0,1.0,0.0,0.0,0.0,1.0,0.0,0.0
437,0,0.04370821849987721,1.0,3.5660053559634015,6.875,0.0,63.0,36.0,1.0,1.0,0.0,1.0,1.0,0.0,1.0,0.0,0.0,1.0,0.0,0.0,0.0
438,1,-0.2708962687904854,1.0,2.9831534913471307,3.125,0.0,48.0,37.0,1.0,1.0,0.0,0.0,1.0,0.0,0.0,0.0,1.0,1.0,0.0,1.0,0.0
439,0,4.647001076532463,0.0,5.575949103146316,43.833333333333336,1.0,64.0,17.0,0.0,0.0,1.0,0.0,0.0,1.0,0.0,1.0,0.0,0.0,0.0,0.0,0.0
440,0,-0.43700743807979686,0.0,2.4423470353692043,10.5,0.0,62.0,38.0,0.0,1.0,0.0,0.0,0.0,1.0,0.0,1.0,0.0,1.0,0.0,0.0,0.0
441,1,-0.11988611489111134,1.0,3.305053521109253,8.75,0.0,90.0,43.0,1.0,1.0,0.0,0.0,1.0,0.0,0.0,0.0,1.0,1.0,0.0,1.0,0.0
442,0,-0.45714212526638004,0.0,2.3513752571634776,9.5,0.0,60.0,15.0,0.0,1.0,0.0,1.0,0.0,1.0,0.0,1.0,0.0,1.0,0.0,0.0,1.0
443,0,-0.4918744606632361,0.0,2.1719067693519296,3.8875,0.0,75.0,25.0,0.0,1.0,0.0,1.0,0.0,1.0,0.0,1.0,0.0,1.0,0.0,0.0,1.0
444,1,-0.3866707201133388,1.0,2.6390573296152584,13.0,0.0,56.0,25.0,1.0,1.0,0.0,0.0,1.0,0.0,1.0,0.0,0.0,1.0,0.0,1.0,0.0
445,1,-0.48507900373776425,0.0,2.2096470973347766,8.1125,0.0,78.0,33.0,0.0,1.0,0.0,1.0,0.0,1.0,0.0,1.0,0.0,1.0,0.0,0.0,1.0
446,1,0.9997696105865636,0.0,4.417131919904876,27.2861,1.0,4.0,25.0,1.0,0.0,1.0,0.0,0.0,1.0,0.0,0.0,0.0,0.0,0.0,0.0,0.0
447,1,-0.255795253400548,1.0,3.0204248861443626,9.75,0.0,26.0,33.0,1.0,1.0,0.0,0.0,1.0,0.0,1.0,0.0,0.0,1.0,0.0,1.0,0.0
448,1,-0.11384570873513637,0.0,3.3160025355989236,26.55,0.0,34.0,27.0,0.0,1.0,1.0,0.0,0.0,1.0,0.0,1.0,0.0,1.0,0.0,0.0,0.0
449,1,-0.26066180729354516,1.0,3.0085645861193133,4.814575,0.0,15.0,30.0,1.0,1.0,0.0,1.0,1.0,0.0,1.0,0.0,0.0,1.0,0.0,0.0,0.0
450,1,-0.034313694348132716,0.0,3.449987545831587,30.5,1.0,52.0,30.0,0.0,0.0,1.0,0.0,0.0,1.0,0.0,0.0,0.0,0.0,0.0,0.0,0.0
451,0,-0.08968408411123653,0.0,3.3586377672433594,6.9375,0.0,72.0,21.0,0.0,1.0,0.0,0.0,0.0,1.0,0.0,1.0,0.0,1.0,0.0,0.0,0.0
452,0,-0.2463983948905696,0.0,3.0429354648621407,9.98335,0.0,78.0,31.0,0.0,1.0,0.0,1.0,0.0,1.0,0.0,1.0,0.0,1.0,0.0,0.0,1.0
453,0,-0.08968408411123653,0.0,3.3586377672433594,27.75,1.0,30.0,31.0,0.0,0.0,1.0,0.0,0.0,1.0,0.0,1.0,0.0,0.0,0.0,0.0,0.0
454,1,1.145663540471827,0.0,4.500966778400217,44.5521,1.0,49.0,24.0,0.0,0.0,1.0,0.0,0.0,1.0,0.0,1.0,0.0,0.0,0.0,0.0,0.0
455,0,-0.4863374216869257,0.0,2.2027647577118348,8.05,0.0,78.0,19.0,0.0,1.0,0.0,1.0,0.0,1.0,0.0,1.0,0.0,1.0,0.0,0.0,1.0
456,1,-0.4894421904510968,0.0,2.1855792552411137,7.8958,0.0,87.0,18.0,0.0,1.0,0.0,1.0,0.0,1.0,0.0,1.0,0.0,1.0,0.0,0.0,1.0
457,0,-0.11384570873513637,0.0,3.3160025355989236,26.55,1.0,65.0,25.0,0.0,0.0,1.0,0.0,0.0,1.0,0.0,1.0,0.0,0.0,0.0,0.0,0.0
458,1,0.395813560675251,1.0,3.967694202798607,25.93125,1.0,40.0,33.0,1.0,0.0,1.0,0.0,1.0,0.0,0.0,0.0,1.0,0.0,1.0,0.0,0.0
459,1,-0.43700743807979686,1.0,2.4423470353692043,10.5,0.0,100.0,19.0,1.0,1.0,0.0,0.0,1.0,0.0,1.0,0.0,0.0,1.0,0.0,1.0,0.0
460,0,-0.49237782784290063,0.0,2.169053700369523,7.75,0.0,78.0,21.0,0.0,1.0,0.0,1.0,0.0,1.0,0.0,1.0,0.0,1.0,0.0,0.0,1.0
461,1,-0.11384570873513637,0.0,3.3160025355989236,26.55,1.0,48.0,19.0,0.0,0.0,1.0,0.0,0.0,1.0,0.0,1.0,0.0,0.0,0.0,0.0,0.0
462,0,-0.4863374216869257,0.0,2.2027647577118348,8.05,0.0,102.0,19.0,0.0,1.0,0.0,1.0,0.0,1.0,0.0,1.0,0.0,1.0,0.0,0.0,1.0
463,0,0.12676380314453292,0.0,3.676300671907076,38.5,1.0,47.0,17.0,0.0,0.0,1.0,0.0,0.0,1.0,0.0,1.0,0.0,0.0,0.0,0.0,0.0
464,0,-0.3866707201133388,0.0,2.6390573296152584,13.0,0.0,96.0,28.0,0.0,1.0,0.0,0.0,0.0,1.0,0.0,1.0,0.0,1.0,0.0,0.0,0.0
465,0,-0.4863374216869257,0.0,2.2027647577118348,8.05,0.0,78.0,18.0,0.0,1.0,0.0,1.0,0.0,1.0,0.0,1.0,0.0,1.0,0.0,0.0,1.0
466,0,-0.5064721088735089,0.0,2.085672091430472,7.05,0.0,114.0,31.0,0.0,1.0,0.0,1.0,0.0,1.0,0.0,1.0,0.0,1.0,0.0,0.0,1.0
467,0,-0.6484216535389205,0.0,0.0,0.0,0.0,62.0,21.0,0.0,1.0,0.0,0.0,0.0,1.0,0.0,1.0,0.0,1.0,0.0,0.0,0.0
468,0,-0.11384570873513637,0.0,3.3160025355989236,26.55,0.0,56.0,26.0,0.0,1.0,1.0,0.0,0.0,1.0,0.0,1.0,0.0,1.0,0.0,0.0,0.0
469,0,-0.4928811950225652,0.0,2.1661924680884908,7.725,0.0,78.0,18.0,0.0,1.0,0.0,1.0,0.0,1.0,0.0,1.0,0.0,1.0,0.0,0.0,1.0
470,1,-0.26066180729354516,1.0,3.0085645861193133,4.814575,0.0,2.25,29.0,1.0,1.0,0.0,1.0,1.0,0.0,1.0,0.0,0.0,1.0,0.0,0.0,0.0
471,0,-0.5024451714361923,0.0,2.1102132003465894,7.25,0.0,78.0,17.0,0.0,1.0,0.0,1.0,0.0,1.0,0.0,1.0,0.0,1.0,0.0,0.0,1.0
472,0,-0.47400492578514347,0.0,2.2682524139135403,8.6625,0.0,114.0,15.0,0.0,1.0,0.0,1.0,0.0,1.0,0.0,1.0,0.0,1.0,0.0,0.0,1.0
473,1,-0.08968408411123653,1.0,3.3586377672433594,6.9375,0.0,66.0,39.0,1.0,1.0,0.0,0.0,1.0,0.0,0.0,0.0,1.0,1.0,0.0,1.0,0.0
474,1,-0.3707300882677209,1.0,2.694066212646058,13.7917,1.0,46.0,44.0,1.0,0.0,0.0,0.0,1.0,0.0,0.0,0.0,1.0,0.0,0.0,1.0,0.0
475,0,-0.45034666834090825,1.0,2.3830123421066602,9.8375,0.0,66.0,27.0,1.0,1.0,0.0,1.0,1.0,0.0,1.0,0.0,0.0,1.0,0.0,0.0,0.0
476,0,0.39858208016340624,0.0,3.970291913552122,52.0,1.0,40.0,27.0,0.0,0.0,1.0,0.0,0.0,1.0,0.0,1.0,0.0,0.0,0.0,0.0,0.0
477,0,-0.22559322262067316,0.0,3.091042453358316,10.5,0.0,68.0,23.0,0.0,1.0,0.0,0.0,0.0,1.0,0.0,1.0,0.0,1.0,0.0,0.0,0.0
478,0,-0.5065566745596926,0.0,2.0851502161468174,3.5229,0.0,87.0,25.0,0.0,1.0,0.0,1.0,0.0,1.0,0.0,1.0,0.0,1.0,0.0,0.0,1.0
479,0,-0.4969926981460655,0.0,2.142510233146819,7.5208,0.0,66.0,25.0,0.0,1.0,0.0,1.0,0.0,1.0,0.0,1.0,0.0,1.0,0.0,0.0,1.0
480,1,-0.4010166847337793,1.0,2.586823743668066,6.14375,0.0,6.0,24.0,1.0,1.0,0.0,1.0,1.0,0.0,1.0,0.0,0.0,1.0,0.0,0.0,0.0
481,0,0.2958951755118318,0.0,3.8691155044168695,5.8625,0.0,27.0,30.0,1.0,1.0,0.0,1.0,0.0,1.0,0.0,0.0,0.0,1.0,0.0,0.0,1.0
482,0,-0.6484216535389205,0.0,0.0,0.0,0.0,62.0,32.0,0.0,1.0,0.0,0.0,0.0,1.0,0.0,1.0,0.0,1.0,0.0,0.0,0.0
483,0,-0.4863374216869257,0.0,2.2027647577118348,8.05,0.0,150.0,24.0,0.0,1.0,0.0,1.0,0.0,1.0,0.0,1.0,0.0,1.0,0.0,0.0,1.0
484,1,-0.455380340137554,1.0,2.3596740599781727,9.5875,0.0,189.0,22.0,1.0,1.0,0.0,1.0,1.0,0.0,0.0,0.0,1.0,1.0,0.0,0.0,0.0
485,1,1.1854295476653287,0.0,4.5226490762785785,45.5396,1.0,25.0,23.0,0.0,0.0,1.0,0.0,0.0,1.0,0.0,1.0,0.0,0.0,0.0,0.0,0.0
486,0,-0.13565761536436197,1.0,3.275887339030031,5.0933399999999995,0.0,54.0,22.0,1.0,1.0,0.0,1.0,1.0,0.0,1.0,0.0,0.0,1.0,0.0,0.0,0.0
487,1,1.163700193253568,1.0,4.51085950651685,45.0,1.0,35.0,47.0,1.0,0.0,1.0,0.0,1.0,0.0,0.0,0.0,1.0,0.0,1.0,0.0,0.0
488,0,-0.05042144409739929,0.0,3.4242626545931514,29.7,1.0,58.0,23.0,0.0,0.0,1.0,0.0,0.0,1.0,0.0,1.0,0.0,0.0,0.0,0.0,0.0
489,0,-0.4863374216869257,0.0,2.2027647577118348,8.05,0.0,90.0,29.0,0.0,1.0,0.0,1.0,0.0,1.0,0.0,1.0,0.0,1.0,0.0,0.0,1.0
490,1,-0.32828012727224753,0.0,2.827313621929028,5.3,0.0,27.0,37.0,1.0,1.0,0.0,1.0,0.0,1.0,0.0,0.0,0.0,1.0,0.0,0.0,1.0
491,0,-0.2463983948905696,0.0,3.0429354648621407,9.98335,0.0,78.0,36.0,0.0,1.0,0.0,1.0,0.0,1.0,0.0,1.0,0.0,1.0,0.0,0.0,1.0
492,0,-0.5024451714361923,0.0,2.1102132003465894,7.25,0.0,63.0,19.0,0.0,1.0,0.0,1.0,0.0,1.0,0.0,1.0,0.0,1.0,0.0,0.0,1.0
493,0,-0.034313694348132716,0.0,3.449987545831587,30.5,1.0,55.0,26.0,0.0,0.0,1.0,0.0,0.0,1.0,0.0,1.0,0.0,0.0,0.0,0.0,0.0
494,0,0.3483299278831318,0.0,3.922056501139853,49.5042,0.0,71.0,23.0,0.0,1.0,1.0,0.0,0.0,1.0,0.0,1.0,0.0,1.0,0.0,0.0,0.0
495,0,-0.4863374216869257,0.0,2.2027647577118348,8.05,0.0,63.0,26.0,0.0,1.0,0.0,1.0,0.0,1.0,0.0,1.0,0.0,1.0,0.0,0.0,1.0
496,0,-0.3573083057891445,0.0,2.738146075922933,14.4583,0.0,78.0,21.0,0.0,1.0,0.0,1.0,0.0,1.0,0.0,1.0,0.0,1.0,0.0,0.0,1.0
497,1,0.9274538680872313,1.0,4.37281811610993,39.13335,1.0,54.0,30.0,1.0,0.0,1.0,0.0,1.0,0.0,1.0,0.0,0.0,0.0,1.0,0.0,0.0
498,0,-0.3443878770215141,0.0,2.7788192719904172,15.1,0.0,78.0,31.0,0.0,1.0,0.0,1.0,0.0,1.0,0.0,1.0,0.0,1.0,0.0,0.0,1.0
499,0,2.4029901895877646,1.0,5.027492411162679,37.8875,1.0,25.0,47.0,1.0,0.0,1.0,0.0,1.0,0.0,0.0,0.0,1.0,0.0,1.0,0.0,0.0
500,0,-0.49145565916975514,0.0,2.174274334826008,7.7958,0.0,72.0,18.0,0.0,1.0,0.0,1.0,0.0,1.0,0.0,1.0,0.0,1.0,0.0,0.0,1.0
501,0,-0.47400492578514347,0.0,2.2682524139135403,8.6625,0.0,51.0,16.0,0.0,1.0,0.0,1.0,0.0,1.0,0.0,1.0,0.0,1.0,0.0,0.0,1.0
502,0,-0.49237782784290063,1.0,2.169053700369523,7.75,0.0,63.0,19.0,1.0,1.0,0.0,1.0,1.0,0.0,1.0,0.0,0.0,1.0,0.0,0.0,0.0
503,0,-0.4948100980550399,1.0,2.155151800914312,7.6292,0.0,54.0,30.0,1.0,1.0,0.0,1.0,1.0,0.0,1.0,0.0,0.0,1.0,0.0,0.0,0.0
504,0,-0.455380340137554,1.0,2.3596740599781727,9.5875,0.0,111.0,30.0,1.0,1.0,0.0,1.0,1.0,0.0,1.0,0.0,0.0,1.0,0.0,0.0,0.0
505,1,1.093228788100527,1.0,4.471638793363569,86.5,1.0,16.0,21.0,1.0,0.0,1.0,0.0,1.0,0.0,1.0,0.0,0.0,0.0,1.0,0.0,0.0
506,0,1.5442457810799908,0.0,4.699570861409576,54.45,1.0,18.0,42.0,0.0,0.0,1.0,0.0,0.0,1.0,0.0,1.0,0.0,0.0,0.0,0.0,0.0
507,1,-0.12491978668775715,1.0,3.295836866004329,8.666666666666666,0.0,66.0,45.0,1.0,1.0,0.0,0.0,1.0,0.0,0.0,0.0,1.0,1.0,0.0,1.0,0.0
508,1,-0.11384570873513637,0.0,3.3160025355989236,26.55,0.0,40.0,45.0,0.0,1.0,1.0,0.0,0.0,1.0,0.0,1.0,0.0,1.0,0.0,0.0,0.0
509,0,-0.1948878246611338,0.0,3.1580636854714434,22.525,0.0,84.0,24.0,0.0,1.0,0.0,1.0,0.0,1.0,0.0,1.0,0.0,1.0,0.0,0.0,1.0
510,1,0.48910360681684706,0.0,4.05171190165724,56.4958,0.0,78.0,14.0,0.0,1.0,0.0,1.0,0.0,1.0,0.0,1.0,0.0,1.0,0.0,0.0,1.0
511,1,-0.49237782784290063,0.0,2.169053700369523,7.75,0.0,87.0,24.0,0.0,1.0,0.0,1.0,0.0,1.0,0.0,1.0,0.0,1.0,0.0,0.0,1.0
512,0,-0.4863374216869257,0.0,2.2027647577118348,8.05,0.0,78.0,17.0,0.0,1.0,0.0,1.0,0.0,1.0,0.0,1.0,0.0,1.0,0.0,0.0,1.0
513,1,-0.11913106412161445,0.0,3.3064287218760624,26.2875,1.0,36.0,25.0,0.0,0.0,1.0,0.0,0.0,1.0,0.0,1.0,0.0,0.0,0.0,0.0,0.0
514,1,0.5475787653441219,1.0,4.100989104940769,29.7,0.0,54.0,46.0,1.0,1.0,1.0,0.0,1.0,0.0,0.0,0.0,1.0,1.0,1.0,0.0,0.0
515,0,-0.4974960653257301,0.0,2.139571923732859,7.4958,0.0,72.0,17.0,0.0,1.0,0.0,1.0,0.0,1.0,0.0,1.0,0.0,1.0,0.0,0.0,1.0
516,0,0.036576512298389464,0.0,3.5559421706858756,34.0208,1.0,47.0,28.0,0.0,0.0,1.0,0.0,0.0,1.0,0.0,1.0,0.0,0.0,0.0,0.0,0.0
517,1,-0.43700743807979686,1.0,2.4423470353692043,10.5,1.0,68.0,28.0,1.0,0.0,0.0,0.0,1.0,0.0,0.0,0.0,1.0,0.0,0.0,1.0,0.0
518,0,-0.1621689579829361,0.0,3.224857896545748,24.15,0.0,78.0,17.0,0.0,1.0,0.0,1.0,0.0,1.0,0.0,1.0,0.0,1.0,0.0,0.0,1.0
519,1,-0.12491978668775715,1.0,3.295836866004329,13.0,0.0,72.0,52.0,1.0,1.0,0.0,0.0,1.0,0.0,0.0,0.0,1.0,1.0,0.0,1.0,0.0
520,0,-0.4894421904510968,0.0,2.1855792552411137,7.8958,0.0,96.0,19.0,0.0,1.0,0.0,1.0,0.0,1.0,0.0,1.0,0.0,1.0,0.0,0.0,1.0
521,1,1.2341715984066093,1.0,4.548599834499697,93.5,1.0,30.0,21.0,1.0,0.0,1.0,0.0,1.0,0.0,1.0,0.0,0.0,0.0,1.0,0.0,0.0
522,0,-0.4894421904510968,0.0,2.1855792552411137,7.8958,0.0,66.0,15.0,0.0,1.0,0.0,1.0,0.0,1.0,0.0,1.0,0.0,1.0,0.0,0.0,1.0
523,0,-0.5029485386158568,0.0,2.1071782966514356,7.225,0.0,78.0,18.0,0.0,1.0,0.0,1.0,0.0,1.0,0.0,1.0,0.0,1.0,0.0,0.0,1.0
524,1,0.5189714017894245,1.0,4.077184839375167,28.9896,1.0,44.0,47.0,1.0,0.0,1.0,0.0,1.0,0.0,0.0,0.0,1.0,0.0,1.0,0.0,0.0
525,0,-0.5028639729296732,0.0,2.1076888046179385,7.2292,0.0,78.0,17.0,0.0,1.0,0.0,1.0,0.0,1.0,0.0,1.0,0.0,1.0,0.0,0.0,1.0
526,0,-0.49237782784290063,0.0,2.169053700369523,7.75,0.0,121.5,18.0,0.0,1.0,0.0,1.0,0.0,1.0,0.0,1.0,0.0,1.0,0.0,0.0,1.0
527,1,-0.43700743807979686,1.0,2.4423470353692043,10.5,0.0,100.0,20.0,1.0,1.0,0.0,0.0,1.0,0.0,1.0,0.0,0.0,1.0,0.0,1.0,0.0
528,0,3.817033162951754,0.0,5.406181146423973,221.7792,1.0,40.0,18.0,0.0,0.0,1.0,0.0,0.0,1.0,0.0,1.0,0.0,0.0,0.0,0.0,0.0
529,0,-0.4888542575852486,0.0,2.188856327665703,7.925,0.0,117.0,25.0,0.0,1.0,0.0,1.0,0.0,1.0,0.0,1.0,0.0,1.0,0.0,0.0,1.0
530,0,-0.41687275089321363,0.0,2.5257286443082556,2.875,0.0,46.0,27.0,0.0,1.0,0.0,0.0,0.0,1.0,0.0,1.0,0.0,1.0,0.0,0.0,0.0
531,1,-0.12491978668775715,1.0,3.295836866004329,8.666666666666666,0.0,4.0,24.0,1.0,1.0,0.0,0.0,1.0,0.0,1.0,0.0,0.0,1.0,0.0,1.0,0.0
532,0,-0.5028639729296732,0.0,2.1076888046179385,7.2292,0.0,78.0,17.0,0.0,1.0,0.0,1.0,0.0,1.0,0.0,1.0,0.0,1.0,0.0,0.0,1.0
533,0,-0.5028639729296732,0.0,2.1076888046179385,2.409733333333333,0.0,51.0,20.0,0.0,1.0,0.0,1.0,0.0,1.0,0.0,1.0,0.0,1.0,0.0,0.0,1.0
534,1,-0.19824427701513722,1.0,3.1509523813392697,7.452766666666666,0.0,93.0,38.0,1.0,1.0,0.0,1.0,1.0,0.0,0.0,0.0,1.0,1.0,0.0,0.0,0.0
535,0,-0.47400492578514347,1.0,2.2682524139135403,8.6625,0.0,90.0,19.0,1.0,1.0,0.0,1.0,1.0,0.0,1.0,0.0,0.0,1.0,0.0,0.0,0.0
536,1,-0.11988611489111134,1.0,3.305053521109253,8.75,0.0,14.0,22.0,1.0,1.0,0.0,0.0,1.0,0.0,1.0,0.0,0.0,1.0,0.0,1.0,0.0
537,0,-0.11384570873513637,0.0,3.3160025355989236,26.55,1.0,45.0,33.0,0.0,0.0,1.0,0.0,0.0,1.0,0.0,0.0,0.0,0.0,0.0,0.0,0.0
538,1,1.4944124302931971,1.0,4.676792929661059,106.425,0.0,30.0,19.0,1.0,1.0,1.0,0.0,1.0,0.0,1.0,0.0,0.0,1.0,1.0,0.0,0.0
539,0,-0.35646868933346404,0.0,2.740840023925201,14.5,0.0,78.0,24.0,0.0,1.0,0.0,1.0,0.0,1.0,0.0,1.0,0.0,1.0,0.0,0.0,1.0
540,1,0.3482453621969482,1.0,3.9219733362813143,16.5,1.0,22.0,34.0,1.0,0.0,1.0,0.0,1.0,0.0,1.0,0.0,0.0,0.0,1.0,0.0,0.0
541,1,0.7811411367084872,1.0,4.276666119016055,23.666666666666668,1.0,36.0,23.0,1.0,0.0,1.0,0.0,1.0,0.0,1.0,0.0,0.0,0.0,1.0,0.0,0.0
542,0,-0.01870931177853076,1.0,3.4742929367327062,4.4678571428571425,0.0,27.0,36.0,1.0,1.0,0.0,1.0,1.0,0.0,1.0,0.0,0.0,1.0,0.0,0.0,0.0
543,0,-0.01870931177853076,1.0,3.4742929367327062,4.4678571428571425,0.0,33.0,33.0,1.0,1.0,0.0,1.0,1.0,0.0,1.0,0.0,0.0,1.0,0.0,0.0,0.0
544,1,-0.12491978668775715,0.0,3.295836866004329,13.0,0.0,64.0,17.0,0.0,1.0,0.0,0.0,0.0,1.0,0.0,1.0,0.0,1.0,0.0,0.0,0.0
545,0,1.4944124302931971,0.0,4.676792929661059,53.2125,1.0,50.0,26.0,0.0,0.0,1.0,0.0,0.0,1.0,0.0,1.0,0.0,0.0,0.0,0.0,0.0
546,0,-0.12491978668775715,0.0,3.295836866004329,26.0,0.0,64.0,28.0,0.0,1.0,1.0,0.0,0.0,1.0,0.0,1.0,0.0,1.0,0.0,0.0,0.0
547,1,-0.12491978668775715,1.0,3.295836866004329,13.0,0.0,38.0,33.0,1.0,1.0,0.0,0.0,1.0,0.0,0.0,0.0,1.0,1.0,0.0,1.0,0.0
548,1,-0.3693045524149108,0.0,2.6988412620169004,13.8625,0.0,62.0,26.0,0.0,1.0,0.0,0.0,0.0,1.0,0.0,1.0,0.0,1.0,0.0,0.0,0.0
549,0,-0.2351571990343002,0.0,3.0692150503137943,6.841666666666666,0.0,99.0,25.0,0.0,1.0,0.0,1.0,0.0,1.0,0.0,1.0,0.0,1.0,0.0,0.0,1.0
550,1,0.09152810056801232,0.0,3.6309854756950335,12.25,0.0,16.0,30.0,1.0,1.0,0.0,0.0,0.0,1.0,0.0,0.0,0.0,1.0,0.0,0.0,0.0
551,1,1.5841789061771412,0.0,4.717456363787216,36.9611,1.0,17.0,27.0,0.0,0.0,1.0,0.0,0.0,1.0,0.0,1.0,0.0,0.0,0.0,0.0,0.0
552,0,-0.12491978668775715,0.0,3.295836866004329,26.0,0.0,54.0,27.0,0.0,1.0,0.0,0.0,0.0,1.0,0.0,1.0,0.0,1.0,0.0,0.0,0.0
553,0,-0.49078316061772326,0.0,2.17806441028492,7.8292,0.0,78.0,20.0,0.0,1.0,0.0,1.0,0.0,1.0,0.0,1.0,0.0,1.0,0.0,0.0,1.0
554,1,-0.5029485386158568,0.0,2.1071782966514356,7.225,0.0,66.0,33.0,0.0,1.0,0.0,1.0,0.0,1.0,0.0,1.0,0.0,1.0,0.0,0.0,1.0
555,1,-0.4918744606632361,1.0,2.1719067693519296,7.775,0.0,66.0,18.0,1.0,1.0,0.0,1.0,1.0,0.0,1.0,0.0,0.0,1.0,0.0,0.0,0.0
556,0,-0.11384570873513637,0.0,3.3160025355989236,26.55,0.0,62.0,18.0,0.0,1.0,1.0,0.0,0.0,1.0,0.0,1.0,0.0,1.0,0.0,0.0,0.0
557,1,0.1489119590497745,1.0,3.703768066607687,19.8,1.0,48.0,65.0,1.0,0.0,1.0,0.0,1.0,0.0,0.0,0.0,0.0,0.0,1.0,0.0,0.0
558,0,3.9327230485884233,0.0,5.4316456135398825,227.525,0.0,40.0,19.0,0.0,1.0,1.0,0.0,0.0,1.0,0.0,1.0,0.0,1.0,0.0,0.0,0.0
559,1,0.955306180872432,1.0,4.390118804571218,26.55,1.0,39.0,38.0,1.0,0.0,1.0,0.0,1.0,0.0,0.0,0.0,1.0,0.0,1.0,0.0,0.0
560,1,-0.29807809649237277,1.0,2.91235066461494,8.7,0.0,108.0,44.0,1.0,1.0,0.0,1.0,1.0,0.0,0.0,0.0,1.0,1.0,0.0,0.0,0.0
561,0,-0.49237782784290063,0.0,2.169053700369523,7.75,0.0,78.0,24.0,0.0,1.0,0.0,1.0,0.0,1.0,0.0,1.0,0.0,1.0,0.0,0.0,1.0
562,0,-0.4894421904510968,0.0,2.1855792552411137,7.8958,0.0,120.0,17.0,0.0,1.0,0.0,1.0,0.0,1.0,0.0,1.0,0.0,1.0,0.0,0.0,1.0
563,0,-0.3766033765200472,0.0,2.6741486494265287,13.5,0.0,56.0,26.0,0.0,1.0,0.0,0.0,0.0,1.0,0.0,1.0,0.0,1.0,0.0,0.0,0.0
564,0,-0.4863374216869257,0.0,2.2027647577118348,8.05,0.0,78.0,17.0,0.0,1.0,0.0,1.0,0.0,1.0,0.0,1.0,0.0,1.0,0.0,0.0,1.0
565,0,-0.4863374216869257,1.0,2.2027647577118348,8.05,0.0,54.0,30.0,1.0,1.0,0.0,1.0,1.0,0.0,1.0,0.0,0.0,1.0,0.0,0.0,0.0
566,0,-0.1621689579829361,0.0,3.224857896545748,8.049999999999999,0.0,72.0,20.0,0.0,1.0,0.0,1.0,0.0,1.0,0.0,1.0,0.0,1.0,0.0,0.0,1.0
567,0,-0.4894421904510968,0.0,2.1855792552411137,7.8958,0.0,57.0,20.0,0.0,1.0,0.0,1.0,0.0,1.0,0.0,1.0,0.0,1.0,0.0,0.0,1.0
568,0,-0.22408312108167944,1.0,3.0944457464900235,4.215,0.0,87.0,43.0,1.0,1.0,0.0,1.0,1.0,0.0,0.0,0.0,1.0,1.0,0.0,0.0,0.0
569,0,-0.5028639729296732,0.0,2.1076888046179385,7.2292,0.0,78.0,19.0,0.0,1.0,0.0,1.0,0.0,1.0,0.0,1.0,0.0,1.0,0.0,0.0,1.0
570,1,-0.4902797934380587,0.0,2.180891922715322,7.8542,0.0,96.0,17.0,0.0,1.0,0.0,1.0,0.0,1.0,0.0,1.0,0.0,1.0,0.0,0.0,1.0
571,1,-0.43700743807979686,0.0,2.4423470353692043,10.5,0.0,124.0,18.0,0.0,1.0,0.0,0.0,0.0,1.0,0.0,1.0,0.0,1.0,0.0,0.0,0.0
572,1,0.38809593507663365,1.0,3.960416900617205,17.15973333333333,1.0,53.0,45.0,1.0,0.0,1.0,0.0,1.0,0.0,0.0,0.0,1.0,0.0,1.0,0.0,0.0
573,1,-0.11711759540295616,0.0,3.3100867049215847,26.3875,1.0,36.0,32.0,0.0,0.0,1.0,0.0,0.0,1.0,0.0,1.0,0.0,0.0,0.0,0.0,0.0
574,1,-0.49237782784290063,1.0,2.169053700369523,7.75,0.0,54.0,17.0,1.0,1.0,0.0,1.0,1.0,0.0,1.0,0.0,0.0,1.0,0.0,0.0,0.0
575,0,-0.4863374216869257,0.0,2.2027647577118348,8.05,0.0,48.0,28.0,0.0,1.0,0.0,1.0,0.0,1.0,0.0,1.0,0.0,1.0,0.0,0.0,1.0
576,0,-0.35646868933346404,0.0,2.740840023925201,14.5,0.0,57.0,20.0,0.0,1.0,0.0,1.0,0.0,1.0,0.0,1.0,0.0,1.0,0.0,0.0,1.0
577,1,-0.3866707201133388,1.0,2.6390573296152584,13.0,0.0,68.0,20.0,1.0,1.0,0.0,0.0,1.0,0.0,1.0,0.0,0.0,1.0,0.0,1.0,0.0
578,1,0.4771073601910807,1.0,4.041295341132285,27.95,1.0,39.0,41.0,1.0,0.0,1.0,0.0,1.0,0.0,0.0,0.0,1.0,0.0,1.0,0.0,0.0
579,0,-0.3573083057891445,1.0,2.738146075922933,7.22915,0.0,93.0,32.0,1.0,1.0,0.0,1.0,1.0,0.0,0.0,0.0,1.0,1.0,0.0,0.0,0.0
580,1,-0.4888542575852486,0.0,2.188856327665703,7.925,0.0,96.0,19.0,0.0,1.0,0.0,1.0,0.0,1.0,0.0,1.0,0.0,1.0,0.0,0.0,1.0
581,1,-0.04438103794142432,1.0,3.4339872044851463,10.0,0.0,50.0,27.0,1.0,1.0,0.0,0.0,1.0,0.0,1.0,0.0,0.0,1.0,0.0,1.0,0.0
582,1,1.5841789061771412,1.0,4.717456363787216,36.9611,1.0,39.0,52.0,1.0,0.0,1.0,0.0,1.0,0.0,0.0,0.0,1.0,0.0,1.0,0.0,0.0
583,0,-0.12491978668775715,0.0,3.295836866004329,26.0,0.0,108.0,26.0,0.0,1.0,0.0,0.0,0.0,1.0,0.0,1.0,0.0,1.0,0.0,0.0,0.0
584,0,0.15948266982273065,0.0,3.716616209085536,40.125,1.0,36.0,19.0,0.0,0.0,1.0,0.0,0.0,1.0,0.0,1.0,0.0,0.0,0.0,0.0,0.0
585,0,-0.47299819142581434,0.0,2.2734137156937657,8.7125,0.0,78.0,19.0,0.0,1.0,0.0,1.0,0.0,1.0,0.0,1.0,0.0,1.0,0.0,0.0,1.0
586,1,0.955306180872432,1.0,4.390118804571218,26.55,1.0,18.0,19.0,1.0,0.0,1.0,0.0,1.0,0.0,1.0,0.0,0.0,0.0,1.0,0.0,0.0
587,0,-0.3464013457401724,0.0,2.772588722239781,15.0,0.0,94.0,23.0,0.0,1.0,0.0,0.0,0.0,1.0,0.0,1.0,0.0,1.0,0.0,0.0,0.0
588,1,0.9462455716384695,0.0,4.384523514872469,26.400000000000002,1.0,60.0,32.0,0.0,0.0,1.0,0.0,0.0,1.0,0.0,1.0,0.0,0.0,0.0,0.0,0.0
589,0,-0.4863374216869257,0.0,2.2027647577118348,8.05,0.0,66.0,21.0,0.0,1.0,0.0,1.0,0.0,1.0,0.0,1.0,0.0,1.0,0.0,0.0,1.0
590,0,-0.4863374216869257,0.0,2.2027647577118348,8.05,0.0,78.0,19.0,0.0,1.0,0.0,1.0,0.0,1.0,0.0,1.0,0.0,1.0,0.0,0.0,1.0
591,0,-0.5049620073345151,0.0,2.094945728215801,7.125,0.0,105.0,20.0,0.0,1.0,0.0,1.0,0.0,1.0,0.0,1.0,0.0,1.0,0.0,0.0,1.0
592,1,0.9274538680872313,1.0,4.37281811610993,39.13335,1.0,52.0,47.0,1.0,0.0,1.0,0.0,1.0,0.0,0.0,0.0,1.0,0.0,1.0,0.0,0.0
593,0,-0.5024451714361923,0.0,2.1102132003465894,7.25,0.0,141.0,26.0,0.0,1.0,0.0,1.0,0.0,1.0,0.0,1.0,0.0,1.0,0.0,0.0,1.0
594,0,-0.49237782784290063,1.0,2.169053700369523,2.5833333333333335,0.0,54.0,18.0,1.0,1.0,0.0,1.0,1.0,0.0,1.0,0.0,0.0,1.0,0.0,0.0,0.0
595,0,-0.12491978668775715,0.0,3.295836866004329,13.0,0.0,74.0,23.0,0.0,1.0,0.0,0.0,0.0,1.0,0.0,1.0,0.0,1.0,0.0,0.0,0.0
596,0,-0.1621689579829361,0.0,3.224857896545748,8.049999999999999,0.0,108.0,27.0,0.0,1.0,0.0,1.0,0.0,1.0,0.0,1.0,0.0,1.0,0.0,0.0,1.0
597,1,0.016023023618325298,1.0,3.5263605246161616,33.0,0.0,48.0,26.0,1.0,1.0,0.0,0.0,1.0,0.0,1.0,0.0,0.0,1.0,0.0,1.0,0.0
598,0,-0.6484216535389205,0.0,0.0,0.0,0.0,147.0,19.0,0.0,1.0,0.0,1.0,0.0,1.0,0.0,1.0,0.0,1.0,0.0,0.0,1.0
599,0,-0.5029485386158568,0.0,2.1071782966514356,7.225,0.0,78.0,17.0,0.0,1.0,0.0,1.0,0.0,1.0,0.0,1.0,0.0,1.0,0.0,0.0,1.0
600,1,0.49782998024351216,0.0,4.0592215752427645,28.4646,1.0,49.0,44.0,0.0,0.0,1.0,0.0,0.0,1.0,0.0,0.0,0.0,0.0,0.0,0.0,0.0
601,1,-0.10478509950117394,1.0,3.332204510175204,6.75,0.0,48.0,51.0,1.0,1.0,0.0,0.0,1.0,0.0,0.0,0.0,1.0,1.0,0.0,1.0,0.0
602,0,-0.4894421904510968,0.0,2.1855792552411137,7.8958,0.0,78.0,20.0,0.0,1.0,0.0,1.0,0.0,1.0,0.0,1.0,0.0,1.0,0.0,0.0,1.0
603,0,0.2052890831722074,0.0,3.770459441106359,42.4,0.0,40.0,25.0,0.0,1.0,1.0,0.0,0.0,1.0,0.0,1.0,0.0,1.0,0.0,0.0,0.0
604,0,-0.4863374216869257,0.0,2.2027647577118348,8.05,0.0,132.0,25.0,0.0,1.0,0.0,1.0,0.0,1.0,0.0,1.0,0.0,1.0,0.0,0.0,1.0
605,1,-0.11384570873513637,0.0,3.3160025355989236,26.55,0.0,35.0,31.0,0.0,1.0,1.0,0.0,0.0,1.0,0.0,1.0,0.0,1.0,0.0,0.0,0.0
606,0,-0.3353272677875516,0.0,2.806386101823072,7.775,0.0,108.0,29.0,0.0,1.0,0.0,1.0,0.0,1.0,0.0,1.0,0.0,1.0,0.0,0.0,1.0
607,0,-0.4894421904510968,0.0,2.1855792552411137,7.8958,0.0,90.0,17.0,0.0,1.0,0.0,1.0,0.0,1.0,0.0,1.0,0.0,1.0,0.0,0.0,1.0
608,1,-0.034313694348132716,0.0,3.449987545831587,30.5,0.0,27.0,27.0,0.0,1.0,1.0,0.0,0.0,1.0,0.0,1.0,0.0,1.0,0.0,0.0,0.0
609,1,0.18876253192945994,1.0,3.7513658711253766,10.3948,0.0,44.0,53.0,1.0,1.0,0.0,0.0,1.0,0.0,0.0,0.0,1.0,1.0,0.0,1.0,0.0
610,1,2.441497778832105,1.0,5.039951348430309,153.4625,1.0,40.0,25.0,1.0,0.0,1.0,0.0,1.0,0.0,1.0,0.0,0.0,0.0,1.0,0.0,0.0
611,0,-0.01870931177853076,1.0,3.4742929367327062,4.4678571428571425,0.0,117.0,57.0,1.0,1.0,0.0,1.0,1.0,0.0,0.0,0.0,1.0,1.0,0.0,0.0,0.0
612,0,-0.5064721088735089,0.0,2.085672091430472,7.05,0.0,78.0,21.0,0.0,1.0,0.0,1.0,0.0,1.0,0.0,1.0,0.0,1.0,0.0,0.0,1.0
613,1,-0.3363340021468808,1.0,2.803360380906535,7.75,0.0,54.0,27.0,1.0,1.0,0.0,1.0,1.0,0.0,1.0,0.0,0.0,1.0,0.0,0.0,0.0
614,0,-0.49237782784290063,0.0,2.169053700369523,7.75,0.0,78.0,16.0,0.0,1.0,0.0,1.0,0.0,1.0,0.0,1.0,0.0,1.0,0.0,0.0,1.0
615,0,-0.4863374216869257,0.0,2.2027647577118348,8.05,0.0,105.0,31.0,0.0,1.0,0.0,1.0,0.0,1.0,0.0,1.0,0.0,1.0,0.0,0.0,1.0
616,1,0.6603330135889879,1.0,4.189654742026425,16.25,0.0,48.0,19.0,1.0,1.0,0.0,0.0,1.0,0.0,1.0,0.0,0.0,1.0,0.0,1.0,0.0
617,0,-0.35848215805212236,0.0,2.7343675094195836,4.8,0.0,102.0,25.0,0.0,1.0,0.0,1.0,0.0,1.0,0.0,1.0,0.0,1.0,0.0,0.0,1.0
618,0,-0.32425318983493084,1.0,2.8390784635086144,8.05,0.0,78.0,47.0,1.0,1.0,0.0,1.0,1.0,0.0,0.0,0.0,1.0,1.0,0.0,0.0,0.0
619,1,0.13683114673782454,1.0,3.6888794541139363,9.75,1.0,8.0,27.0,1.0,0.0,0.0,0.0,1.0,0.0,1.0,0.0,0.0,0.0,0.0,1.0,0.0
620,0,-0.43700743807979686,0.0,2.4423470353692043,10.5,0.0,52.0,19.0,0.0,1.0,0.0,0.0,0.0,1.0,0.0,1.0,0.0,1.0,0.0,0.0,0.0
621,0,-0.3573908580066095,0.0,2.737880811060884,7.2271,0.0,81.0,19.0,0.0,1.0,0.0,1.0,0.0,1.0,0.0,1.0,0.0,1.0,0.0,0.0,1.0
622,1,0.40974072380221066,0.0,3.9806942251907276,26.2771,1.0,42.0,28.0,0.0,0.0,1.0,0.0,0.0,1.0,0.0,1.0,0.0,0.0,0.0,0.0,0.0
623,1,-0.33146744825388363,0.0,2.817902613071225,5.247233333333333,0.0,60.0,16.0,0.0,1.0,0.0,1.0,0.0,1.0,0.0,1.0,0.0,1.0,0.0,0.0,1.0
624,0,-0.4902797934380587,0.0,2.180891922715322,7.8542,0.0,63.0,27.0,0.0,1.0,0.0,1.0,0.0,1.0,0.0,1.0,0.0,1.0,0.0,0.0,1.0
625,0,-0.32425318983493084,0.0,2.8390784635086144,16.1,0.0,63.0,27.0,0.0,1.0,0.0,1.0,0.0,1.0,0.0,1.0,0.0,1.0,0.0,0.0,1.0
626,0,0.002347544081197954,0.0,3.5061818266142577,32.3208,1.0,61.0,21.0,0.0,0.0,1.0,0.0,0.0,1.0,0.0,1.0,0.0,0.0,0.0,0.0,0.0
627,0,-0.3997582667846179,0.0,2.5915163848462583,12.35,0.0,114.0,30.0,0.0,1.0,0.0,0.0,0.0,1.0,0.0,0.0,0.0,1.0,0.0,0.0,0.0
628,1,0.921244330558889,1.0,4.368919865004903,77.9583,1.0,21.0,29.0,1.0,0.0,1.0,0.0,1.0,0.0,1.0,0.0,0.0,0.0,1.0,0.0,0.0
629,0,-0.4894421904510968,0.0,2.1855792552411137,7.8958,0.0,78.0,25.0,0.0,1.0,0.0,1.0,0.0,1.0,0.0,1.0,0.0,1.0,0.0,0.0,1.0
630,0,-0.49271407711891657,0.0,2.167143305297764,7.7333,0.0,78.0,24.0,0.0,1.0,0.0,1.0,0.0,1.0,0.0,1.0,0.0,1.0,0.0,0.0,1.0
631,1,-0.04438103794142432,0.0,3.4339872044851463,30.0,1.0,80.0,36.0,0.0,0.0,1.0,0.0,0.0,1.0,0.0,1.0,0.0,0.0,0.0,0.0,0.0
632,0,-0.5063875431873253,0.0,2.086193694502369,7.0542,0.0,153.0,27.0,0.0,1.0,0.0,1.0,0.0,1.0,0.0,1.0,0.0,1.0,0.0,0.0,1.0
633,1,-0.034313694348132716,0.0,3.449987545831587,30.5,1.0,32.0,25.0,0.0,0.0,1.0,0.0,0.0,1.0,0.0,0.0,0.0,0.0,0.0,0.0,0.0
634,0,-0.6484216535389205,0.0,0.0,0.0,0.0,40.0,29.0,0.0,1.0,1.0,0.0,0.0,1.0,0.0,1.0,0.0,1.0,0.0,0.0,0.0
635,0,-0.08666388103324908,1.0,3.3638415951183864,4.6499999999999995,0.0,27.0,18.0,1.0,1.0,0.0,1.0,1.0,0.0,1.0,0.0,0.0,1.0,0.0,0.0,0.0
636,1,-0.3866707201133388,1.0,2.6390573296152584,13.0,0.0,56.0,17.0,1.0,1.0,0.0,0.0,1.0,0.0,1.0,0.0,0.0,1.0,0.0,1.0,0.0
637,0,-0.4888542575852486,0.0,2.188856327665703,7.925,0.0,96.0,26.0,0.0,1.0,0.0,1.0,0.0,1.0,0.0,1.0,0.0,1.0,0.0,0.0,1.0
638,0,-0.11988611489111134,0.0,3.305053521109253,8.75,0.0,62.0,19.0,0.0,1.0,0.0,0.0,0.0,1.0,0.0,1.0,0.0,1.0,0.0,0.0,0.0
639,0,0.1506737441786005,1.0,3.705920919968788,6.614583333333333,0.0,123.0,38.0,1.0,1.0,0.0,1.0,1.0,0.0,0.0,0.0,1.0,1.0,0.0,0.0,0.0
640,0,-0.32425318983493084,0.0,2.8390784635086144,8.05,0.0,78.0,26.0,0.0,1.0,0.0,1.0,0.0,1.0,0.0,1.0,0.0,1.0,0.0,0.0,1.0
641,0,-0.4902797934380587,0.0,2.180891922715322,7.8542,0.0,60.0,22.0,0.0,1.0,0.0,1.0,0.0,1.0,0.0,1.0,0.0,1.0,0.0,0.0,1.0
642,1,0.7469121684912956,1.0,4.252771798816619,69.3,1.0,24.0,20.0,1.0,0.0,1.0,0.0,1.0,0.0,1.0,0.0,0.0,0.0,1.0,0.0,0.0
643,0,-0.08666388103324908,1.0,3.3638415951183864,4.6499999999999995,0.0,6.0,29.0,1.0,1.0,0.0,1.0,1.0,0.0,1.0,0.0,0.0,1.0,0.0,0.0,0.0
644,1,0.48910360681684706,0.0,4.05171190165724,56.4958,0.0,78.0,15.0,0.0,1.0,0.0,1.0,0.0,1.0,0.0,1.0,0.0,1.0,0.0,0.0,1.0
645,1,-0.26066180729354516,1.0,3.0085645861193133,4.814575,0.0,2.25,22.0,1.0,1.0,0.0,1.0,1.0,0.0,1.0,0.0,0.0,1.0,0.0,0.0,0.0
646,1,0.8964967865378598,0.0,4.353230991152628,38.3646,1.0,48.0,25.0,0.0,0.0,1.0,0.0,0.0,1.0,0.0,1.0,0.0,0.0,0.0,0.0,0.0
647,0,-0.4894421904510968,0.0,2.1855792552411137,7.8958,0.0,57.0,17.0,0.0,1.0,0.0,1.0,0.0,1.0,0.0,1.0,0.0,1.0,0.0,0.0,1.0
648,1,0.06635974158478332,0.0,3.597312260588446,35.5,1.0,56.0,35.0,0.0,0.0,1.0,0.0,0.0,1.0,0.0,0.0,0.0,0.0,0.0,0.0,0.0
649,0,-0.49640476528021726,0.0,2.145931282948669,7.55,0.0,78.0,18.0,0.0,1.0,0.0,1.0,0.0,1.0,0.0,1.0,0.0,1.0,0.0,0.0,1.0
650,1,-0.49640476528021726,1.0,2.145931282948669,7.55,0.0,69.0,31.0,1.0,1.0,0.0,1.0,1.0,0.0,1.0,0.0,0.0,1.0,0.0,0.0,0.0
651,0,-0.4894421904510968,0.0,2.1855792552411137,7.8958,0.0,78.0,17.0,0.0,1.0,0.0,1.0,0.0,1.0,0.0,1.0,0.0,1.0,0.0,0.0,1.0
652,1,-0.18532384824750675,1.0,3.1780538303479458,11.5,0.0,36.0,19.0,1.0,1.0,0.0,0.0,1.0,0.0,1.0,0.0,0.0,1.0,0.0,1.0,0.0
653,0,-0.47861979608830835,0.0,2.2442459824059346,8.4333,0.0,63.0,30.0,0.0,1.0,0.0,1.0,0.0,1.0,0.0,1.0,0.0,1.0,0.0,0.0,1.0
654,1,-0.49078316061772326,1.0,2.17806441028492,7.8292,0.0,54.0,29.0,1.0,1.0,0.0,1.0,1.0,0.0,1.0,0.0,0.0,1.0,0.0,0.0,0.0
655,0,-0.5125125150294839,1.0,2.0476928433652555,6.75,0.0,54.0,28.0,1.0,1.0,0.0,1.0,1.0,0.0,1.0,0.0,0.0,1.0,0.0,0.0,0.0
656,0,0.8314778546749452,0.0,4.310799125385514,24.5,0.0,48.0,25.0,0.0,1.0,0.0,0.0,0.0,1.0,0.0,1.0,0.0,1.0,0.0,0.0,0.0
657,0,-0.4894421904510968,0.0,2.1855792552411137,7.8958,0.0,78.0,21.0,0.0,1.0,0.0,1.0,0.0,1.0,0.0,1.0,0.0,1.0,0.0,0.0,1.0
658,0,-0.3363340021468808,1.0,2.803360380906535,5.166666666666667,0.0,96.0,29.0,1.0,1.0,0.0,1.0,1.0,0.0,0.0,0.0,1.0,1.0,0.0,0.0,0.0
659,0,-0.3866707201133388,0.0,2.6390573296152584,13.0,0.0,46.0,28.0,0.0,1.0,0.0,0.0,0.0,1.0,0.0,1.0,0.0,1.0,0.0,0.0,0.0
660,0,1.6323350375212924,0.0,4.738607824217808,37.75833333333333,1.0,58.0,26.0,0.0,0.0,1.0,0.0,0.0,1.0,0.0,1.0,0.0,0.0,0.0,0.0,0.0
661,1,2.042579288947925,0.0,4.902678819257608,44.550000000000004,0.0,50.0,29.0,0.0,1.0,1.0,0.0,0.0,1.0,0.0,0.0,0.0,1.0,0.0,0.0,0.0
662,0,-0.5029485386158568,0.0,2.1071782966514356,7.225,0.0,120.0,17.0,0.0,1.0,0.0,1.0,0.0,1.0,0.0,1.0,0.0,1.0,0.0,0.0,1.0
663,0,-0.13322534515222276,0.0,3.2804411805263554,25.5875,1.0,47.0,26.0,0.0,0.0,1.0,0.0,0.0,1.0,0.0,1.0,0.0,0.0,0.0,0.0,0.0
664,0,-0.4974960653257301,0.0,2.139571923732859,7.4958,0.0,108.0,16.0,0.0,1.0,0.0,1.0,0.0,1.0,0.0,1.0,0.0,1.0,0.0,0.0,1.0
665,1,-0.4888542575852486,0.0,2.188856327665703,3.9625,0.0,60.0,27.0,0.0,1.0,0.0,1.0,0.0,1.0,0.0,1.0,0.0,1.0,0.0,0.0,1.0
666,0,0.8314778546749452,0.0,4.310799125385514,24.5,0.0,64.0,18.0,0.0,1.0,0.0,0.0,0.0,1.0,0.0,1.0,0.0,1.0,0.0,0.0,0.0
667,0,-0.3866707201133388,0.0,2.6390573296152584,13.0,0.0,50.0,27.0,0.0,1.0,0.0,0.0,0.0,1.0,0.0,1.0,0.0,1.0,0.0,0.0,0.0
668,0,-0.4918744606632361,0.0,2.1719067693519296,7.775,0.0,78.0,26.0,0.0,1.0,0.0,1.0,0.0,1.0,0.0,1.0,0.0,1.0,0.0,0.0,1.0
669,0,-0.4863374216869257,0.0,2.2027647577118348,8.05,0.0,129.0,15.0,0.0,1.0,0.0,1.0,0.0,1.0,0.0,1.0,0.0,1.0,0.0,0.0,1.0
670,1,0.39858208016340624,1.0,3.970291913552122,26.0,1.0,40.0,49.0,1.0,0.0,1.0,0.0,1.0,0.0,0.0,0.0,1.0,0.0,1.0,0.0,0.0
671,1,0.13683114673782454,1.0,3.6888794541139363,13.0,0.0,80.0,61.0,1.0,1.0,0.0,0.0,1.0,0.0,0.0,0.0,1.0,1.0,0.0,1.0,0.0
672,0,0.39858208016340624,0.0,3.970291913552122,26.0,1.0,31.0,22.0,0.0,0.0,1.0,0.0,0.0,1.0,0.0,1.0,0.0,0.0,0.0,0.0,0.0
673,0,-0.43700743807979686,0.0,2.4423470353692043,10.5,0.0,140.0,27.0,0.0,1.0,0.0,0.0,0.0,1.0,0.0,1.0,0.0,1.0,0.0,0.0,0.0
674,1,-0.3866707201133388,0.0,2.6390573296152584,13.0,0.0,62.0,21.0,0.0,1.0,0.0,0.0,0.0,1.0,0.0,1.0,0.0,1.0,0.0,0.0,0.0
675,0,-0.6484216535389205,0.0,0.0,0.0,0.0,62.0,26.0,0.0,1.0,0.0,0.0,0.0,1.0,0.0,1.0,0.0,1.0,0.0,0.0,0.0
676,0,-0.4918744606632361,0.0,2.1719067693519296,7.775,0.0,54.0,30.0,0.0,1.0,0.0,1.0,0.0,1.0,0.0,1.0,0.0,1.0,0.0,0.0,1.0
677,0,-0.4863374216869257,0.0,2.2027647577118348,8.05,0.0,73.5,29.0,0.0,1.0,0.0,1.0,0.0,1.0,0.0,1.0,0.0,1.0,0.0,0.0,1.0
678,1,-0.45026210265472455,1.0,2.3833998102837652,9.8417,0.0,54.0,23.0,1.0,1.0,0.0,1.0,1.0,0.0,1.0,0.0,0.0,1.0,0.0,0.0,0.0
679,0,0.2958951755118318,1.0,3.8691155044168695,5.8625,0.0,129.0,39.0,1.0,1.0,0.0,1.0,1.0,0.0,0.0,0.0,1.0,1.0,0.0,0.0,0.0
680,1,9.667166525013505,0.0,6.240917354759096,256.1646,1.0,36.0,34.0,0.0,0.0,1.0,0.0,0.0,1.0,0.0,1.0,0.0,0.0,0.0,0.0,0.0
681,0,-0.48457563655809965,1.0,2.212386825075897,8.1375,0.0,54.0,19.0,1.0,1.0,0.0,1.0,1.0,0.0,1.0,0.0,0.0,1.0,0.0,0.0,0.0
682,1,0.8964967865378598,0.0,4.353230991152628,76.7292,1.0,27.0,18.0,0.0,0.0,1.0,0.0,0.0,1.0,0.0,1.0,0.0,0.0,0.0,0.0,0.0
683,0,-0.4626791642426904,0.0,2.3248357019288655,9.225,0.0,60.0,27.0,0.0,1.0,0.0,1.0,0.0,1.0,0.0,1.0,0.0,1.0,0.0,0.0,1.0
684,0,0.2958951755118318,0.0,3.8691155044168695,5.8625,0.0,42.0,27.0,1.0,1.0,0.0,1.0,0.0,1.0,0.0,1.0,0.0,1.0,0.0,0.0,1.0
685,0,0.13683114673782454,0.0,3.6888794541139363,13.0,0.0,120.0,33.0,0.0,1.0,0.0,0.0,0.0,1.0,0.0,1.0,0.0,1.0,0.0,0.0,0.0
686,0,0.18876253192945994,0.0,3.7513658711253766,10.3948,0.0,50.0,38.0,0.0,1.0,0.0,0.0,0.0,1.0,0.0,1.0,0.0,1.0,0.0,0.0,0.0
687,0,0.1506737441786005,0.0,3.705920919968788,6.614583333333333,0.0,42.0,24.0,1.0,1.0,0.0,1.0,0.0,1.0,0.0,1.0,0.0,1.0,0.0,0.0,1.0
688,0,-0.44363577710162005,0.0,2.4133032309283076,10.1708,0.0,57.0,17.0,0.0,1.0,0.0,1.0,0.0,1.0,0.0,1.0,0.0,1.0,0.0,0.0,1.0
689,0,-0.49145565916975514,0.0,2.174274334826008,7.7958,0.0,54.0,31.0,0.0,1.0,0.0,1.0,0.0,1.0,0.0,1.0,0.0,1.0,0.0,0.0,1.0
690,1,3.6067927997556075,1.0,5.35817698994543,105.66875,1.0,15.0,33.0,1.0,0.0,1.0,0.0,1.0,0.0,1.0,0.0,0.0,0.0,1.0,0.0,0.0
691,1,0.49925551609632224,0.0,4.060443010546419,28.5,1.0,31.0,23.0,0.0,0.0,1.0,0.0,0.0,1.0,0.0,1.0,0.0,0.0,0.0,0.0,0.0
692,1,-0.37828059596268965,1.0,2.668387256845834,6.70835,0.0,12.0,18.0,1.0,1.0,0.0,1.0,1.0,0.0,1.0,0.0,0.0,1.0,0.0,0.0,0.0
693,1,0.48910360681684706,0.0,4.05171190165724,56.4958,0.0,78.0,12.0,0.0,1.0,0.0,1.0,0.0,1.0,0.0,1.0,0.0,1.0,0.0,0.0,1.0
694,0,-0.5029485386158568,0.0,2.1071782966514356,7.225,0.0,75.0,16.0,0.0,1.0,0.0,1.0,0.0,1.0,0.0,1.0,0.0,1.0,0.0,0.0,1.0
695,0,-0.11384570873513637,0.0,3.3160025355989236,26.55,0.0,60.0,15.0,0.0,1.0,1.0,0.0,0.0,1.0,0.0,0.0,0.0,1.0,0.0,0.0,0.0
696,0,-0.3766033765200472,0.0,2.6741486494265287,13.5,0.0,104.0,26.0,0.0,1.0,0.0,0.0,0.0,1.0,0.0,1.0,0.0,1.0,0.0,0.0,0.0
697,0,-0.4863374216869257,0.0,2.2027647577118348,8.05,0.0,132.0,16.0,0.0,1.0,0.0,1.0,0.0,1.0,0.0,1.0,0.0,1.0,0.0,0.0,1.0
698,1,-0.49271407711891657,1.0,2.167143305297764,7.7333,0.0,54.0,32.0,1.0,1.0,0.0,1.0,1.0,0.0,1.0,0.0,0.0,1.0,0.0,0.0,0.0
699,0,1.5841789061771412,0.0,4.717456363787216,36.9611,1.0,49.0,24.0,0.0,0.0,1.0,0.0,0.0,1.0,0.0,1.0,0.0,0.0,0.0,0.0,0.0
700,0,-0.494391296561559,0.0,2.157559320943788,7.65,1.0,126.0,40.0,0.0,0.0,0.0,1.0,0.0,1.0,0.0,1.0,0.0,0.0,0.0,0.0,1.0
701,1,3.9327230485884233,1.0,5.4316456135398825,113.7625,1.0,18.0,49.0,1.0,0.0,1.0,0.0,1.0,0.0,0.0,0.0,1.0,0.0,1.0,0.0,0.0
702,1,-0.11913106412161445,0.0,3.3064287218760624,26.2875,1.0,35.0,32.0,0.0,0.0,1.0,0.0,0.0,1.0,0.0,1.0,0.0,0.0,0.0,0.0,0.0
703,0,-0.3573908580066095,1.0,2.737880811060884,7.2271,0.0,54.0,21.0,1.0,1.0,0.0,1.0,1.0,0.0,1.0,0.0,0.0,1.0,0.0,0.0,0.0
704,0,-0.4925449457465493,0.0,2.1681046787623672,7.7417,0.0,75.0,21.0,0.0,1.0,0.0,1.0,0.0,1.0,0.0,1.0,0.0,1.0,0.0,0.0,1.0
705,0,-0.4902797934380587,0.0,2.180891922715322,3.9271,0.0,78.0,23.0,0.0,1.0,0.0,1.0,0.0,1.0,0.0,1.0,0.0,1.0,0.0,0.0,1.0
706,0,-0.12491978668775715,0.0,3.295836866004329,26.0,0.0,78.0,46.0,0.0,1.0,0.0,0.0,0.0,1.0,0.0,1.0,0.0,1.0,0.0,0.0,0.0
707,1,-0.3766033765200472,1.0,2.6741486494265287,13.5,0.0,90.0,29.0,1.0,1.0,0.0,0.0,1.0,0.0,0.0,0.0,1.0,1.0,0.0,1.0,0.0
708,1,-0.11913106412161445,0.0,3.3064287218760624,26.2875,1.0,42.0,33.0,0.0,0.0,1.0,0.0,0.0,1.0,0.0,1.0,0.0,0.0,0.0,0.0,0.0
709,1,2.4029901895877646,1.0,5.027492411162679,151.55,0.0,22.0,20.0,1.0,1.0,1.0,0.0,1.0,0.0,1.0,0.0,0.0,1.0,1.0,0.0,0.0
710,1,-0.3414522396297103,0.0,2.7878344138303452,5.081933333333333,0.0,12.0,49.0,1.0,1.0,0.0,1.0,0.0,1.0,0.0,0.0,0.0,1.0,0.0,0.0,1.0
711,1,0.3483299278831318,1.0,3.922056501139853,49.5042,1.0,24.0,48.0,1.0,0.0,1.0,0.0,1.0,0.0,1.0,0.0,0.0,0.0,1.0,0.0,0.0
712,0,-0.11384570873513637,0.0,3.3160025355989236,26.55,1.0,40.0,18.0,0.0,0.0,1.0,0.0,0.0,1.0,0.0,1.0,0.0,0.0,0.0,0.0,0.0
713,1,0.39858208016340624,0.0,3.970291913552122,26.0,1.0,48.0,24.0,0.0,0.0,1.0,0.0,0.0,1.0,0.0,1.0,0.0,0.0,0.0,0.0,0.0
714,0,-0.457478374542396,0.0,2.3497835148230464,9.4833,0.0,87.0,26.0,0.0,1.0,0.0,1.0,0.0,1.0,0.0,1.0,0.0,1.0,0.0,0.0,1.0
715,0,-0.3866707201133388,0.0,2.6390573296152584,13.0,0.0,104.0,21.0,0.0,1.0,0.0,0.0,0.0,1.0,0.0,1.0,0.0,1.0,0.0,0.0,0.0
716,0,-0.494391296561559,0.0,2.157559320943788,7.65,1.0,57.0,42.0,0.0,0.0,0.0,1.0,0.0,1.0,0.0,1.0,0.0,0.0,0.0,0.0,1.0
717,1,3.9327230485884233,1.0,5.4316456135398825,227.525,1.0,38.0,29.0,1.0,0.0,1.0,0.0,1.0,0.0,1.0,0.0,0.0,0.0,1.0,0.0,0.0
718,1,-0.43700743807979686,1.0,2.4423470353692043,10.5,1.0,54.0,35.0,1.0,0.0,0.0,0.0,1.0,0.0,1.0,0.0,0.0,0.0,0.0,1.0,0.0
719,0,-0.3363340021468808,0.0,2.803360380906535,15.5,0.0,78.0,19.0,0.0,1.0,0.0,1.0,0.0,1.0,0.0,1.0,0.0,1.0,0.0,0.0,1.0
720,0,-0.4918744606632361,0.0,2.1719067693519296,7.775,0.0,99.0,28.0,0.0,1.0,0.0,1.0,0.0,1.0,0.0,1.0,0.0,1.0,0.0,0.0,1.0
721,1,0.016023023618325298,1.0,3.5263605246161616,16.5,0.0,12.0,33.0,1.0,1.0,0.0,0.0,1.0,0.0,1.0,0.0,0.0,1.0,0.0,1.0,0.0
722,0,-0.5063875431873253,0.0,2.086193694502369,3.5271,0.0,51.0,25.0,0.0,1.0,0.0,1.0,0.0,1.0,0.0,1.0,0.0,1.0,0.0,0.0,1.0
723,0,-0.3866707201133388,0.0,2.6390573296152584,13.0,0.0,68.0,28.0,0.0,1.0,0.0,0.0,0.0,1.0,0.0,1.0,0.0,1.0,0.0,0.0,0.0
724,0,-0.3866707201133388,0.0,2.6390573296152584,13.0,0.0,100.0,23.0,0.0,1.0,0.0,0.0,0.0,1.0,0.0,1.0,0.0,1.0,0.0,0.0,0.0
725,1,0.4207302360686478,0.0,3.9908341858524357,26.55,1.0,27.0,29.0,0.0,0.0,1.0,0.0,0.0,1.0,0.0,1.0,0.0,0.0,0.0,0.0,0.0
726,0,-0.47400492578514347,0.0,2.2682524139135403,8.6625,0.0,60.0,19.0,0.0,1.0,0.0,1.0,0.0,1.0,0.0,1.0,0.0,1.0,0.0,0.0,1.0
727,1,-0.22559322262067316,1.0,3.091042453358316,5.25,0.0,60.0,43.0,1.0,1.0,0.0,0.0,1.0,0.0,0.0,0.0,1.0,1.0,0.0,1.0,0.0
728,1,-0.4926295114327329,1.0,2.1676241075599285,7.7375,0.0,54.0,24.0,1.0,1.0,0.0,1.0,1.0,0.0,1.0,0.0,0.0,1.0,0.0,0.0,0.0
729,0,-0.12491978668775715,0.0,3.295836866004329,13.0,0.0,50.0,31.0,0.0,1.0,0.0,0.0,0.0,1.0,0.0,1.0,0.0,1.0,0.0,0.0,0.0
730,0,-0.4888542575852486,1.0,2.188856327665703,3.9625,0.0,75.0,29.0,1.0,1.0,0.0,1.0,1.0,0.0,1.0,0.0,0.0,1.0,0.0,0.0,0.0
731,1,3.6067927997556075,1.0,5.35817698994543,211.3375,1.0,29.0,29.0,1.0,0.0,1.0,0.0,1.0,0.0,1.0,0.0,0.0,0.0,1.0,0.0,0.0
732,0,-0.2701412180209885,0.0,2.9850504252071306,18.7875,0.0,33.0,24.0,1.0,1.0,0.0,1.0,0.0,1.0,0.0,1.0,0.0,1.0,0.0,0.0,1.0
733,0,-0.6484216535389205,0.0,0.0,0.0,0.0,62.0,20.0,0.0,1.0,0.0,0.0,0.0,1.0,0.0,1.0,0.0,1.0,0.0,0.0,0.0
734,0,-0.3866707201133388,0.0,2.6390573296152584,13.0,0.0,46.0,26.0,0.0,1.0,0.0,0.0,0.0,1.0,0.0,1.0,0.0,1.0,0.0,0.0,0.0
735,0,-0.3866707201133388,0.0,2.6390573296152584,13.0,0.0,46.0,28.0,0.0,1.0,0.0,0.0,0.0,1.0,0.0,1.0,0.0,1.0,0.0,0.0,0.0
736,0,-0.32425318983493084,0.0,2.8390784635086144,16.1,0.0,85.5,20.0,0.0,1.0,0.0,1.0,0.0,1.0,0.0,1.0,0.0,1.0,0.0,0.0,1.0
737,0,0.04370821849987721,1.0,3.5660053559634015,6.875,0.0,144.0,39.0,1.0,1.0,0.0,1.0,1.0,0.0,0.0,0.0,1.0,1.0,0.0,0.0,0.0
738,1,9.667166525013505,0.0,6.240917354759096,512.3292,1.0,35.0,22.0,0.0,0.0,1.0,0.0,0.0,1.0,0.0,1.0,0.0,0.0,0.0,0.0,0.0
739,0,-0.4894421904510968,0.0,2.1855792552411137,7.8958,0.0,78.0,18.0,0.0,1.0,0.0,1.0,0.0,1.0,0.0,1.0,0.0,1.0,0.0,0.0,1.0
740,0,-0.4894421904510968,0.0,2.1855792552411137,7.8958,0.0,78.0,18.0,0.0,1.0,0.0,1.0,0.0,1.0,0.0,1.0,0.0,1.0,0.0,0.0,1.0
741,1,-0.04438103794142432,0.0,3.4339872044851463,30.0,1.0,40.0,27.0,0.0,0.0,1.0,0.0,0.0,1.0,0.0,1.0,0.0,0.0,0.0,0.0,0.0
742,0,0.9391984311231651,0.0,4.380149874661021,39.425,1.0,36.0,29.0,0.0,0.0,1.0,0.0,0.0,1.0,0.0,1.0,0.0,0.0,0.0,0.0,0.0
743,1,4.634416897040849,1.0,5.5735788721243535,52.475,1.0,21.0,37.0,1.0,0.0,1.0,0.0,1.0,0.0,1.0,0.0,0.0,0.0,1.0,0.0,0.0
744,0,-0.32425318983493084,0.0,2.8390784635086144,8.05,0.0,72.0,17.0,0.0,1.0,0.0,1.0,0.0,1.0,0.0,1.0,0.0,1.0,0.0,0.0,1.0
745,1,-0.4888542575852486,0.0,2.188856327665703,7.925,0.0,93.0,18.0,0.0,1.0,0.0,1.0,0.0,1.0,0.0,1.0,0.0,1.0,0.0,0.0,1.0
746,0,0.7811411367084872,0.0,4.276666119016055,23.666666666666668,1.0,70.0,28.0,0.0,0.0,1.0,0.0,0.0,1.0,0.0,0.0,0.0,0.0,0.0,0.0,0.0
747,0,-0.24069423801061057,0.0,3.056356895370426,6.75,0.0,48.0,27.0,0.0,1.0,0.0,1.0,0.0,1.0,0.0,1.0,0.0,1.0,0.0,0.0,1.0
748,1,-0.3866707201133388,1.0,2.6390573296152584,13.0,0.0,60.0,21.0,1.0,1.0,0.0,0.0,1.0,0.0,1.0,0.0,0.0,1.0,0.0,1.0,0.0
749,0,0.4207302360686478,0.0,3.9908341858524357,26.55,1.0,19.0,25.0,0.0,0.0,1.0,0.0,0.0,1.0,0.0,1.0,0.0,0.0,0.0,0.0,0.0
750,0,-0.49237782784290063,0.0,2.169053700369523,7.75,0.0,93.0,23.0,0.0,1.0,0.0,1.0,0.0,1.0,0.0,1.0,0.0,1.0,0.0,0.0,1.0
751,1,-0.18532384824750675,1.0,3.1780538303479458,7.666666666666667,0.0,8.0,17.0,1.0,1.0,0.0,0.0,1.0,0.0,1.0,0.0,0.0,1.0,0.0,1.0,0.0
752,1,-0.397241430886295,0.0,2.600836116795061,6.2375,1.0,18.0,19.0,1.0,0.0,0.0,1.0,0.0,1.0,0.0,0.0,0.0,0.0,0.0,0.0,1.0
753,0,-0.45714212526638004,0.0,2.3513752571634776,9.5,0.0,99.0,32.0,0.0,1.0,0.0,1.0,0.0,1.0,0.0,1.0,0.0,1.0,0.0,0.0,1.0
754,0,-0.4894421904510968,0.0,2.1855792552411137,7.8958,0.0,69.0,18.0,0.0,1.0,0.0,1.0,0.0,1.0,0.0,1.0,0.0,1.0,0.0,0.0,1.0
755,1,0.6603330135889879,1.0,4.189654742026425,16.25,0.0,96.0,32.0,1.0,1.0,0.0,0.0,1.0,0.0,0.0,0.0,1.0,1.0,0.0,1.0,0.0
756,1,-0.35646868933346404,0.0,2.740840023925201,4.833333333333333,0.0,1.34,25.0,1.0,1.0,0.0,0.0,0.0,1.0,0.0,0.0,0.0,1.0,0.0,0.0,0.0
757,0,-0.49145565916975514,0.0,2.174274334826008,7.7958,0.0,84.0,28.0,0.0,1.0,0.0,1.0,0.0,1.0,0.0,1.0,0.0,1.0,0.0,0.0,1.0
758,0,-0.41687275089321363,0.0,2.5257286443082556,11.5,0.0,36.0,24.0,0.0,1.0,0.0,0.0,0.0,1.0,0.0,1.0,0.0,1.0,0.0,0.0,0.0
759,0,-0.4863374216869257,0.0,2.2027647577118348,8.05,0.0,102.0,28.0,0.0,1.0,0.0,1.0,0.0,1.0,0.0,1.0,0.0,1.0,0.0,0.0,1.0
760,1,1.093228788100527,1.0,4.471638793363569,86.5,1.0,33.0,56.0,1.0,0.0,1.0,0.0,1.0,0.0,0.0,0.0,0.0,0.0,1.0,0.0,0.0
761,0,-0.35646868933346404,0.0,2.740840023925201,14.5,0.0,78.0,18.0,0.0,1.0,0.0,1.0,0.0,1.0,0.0,1.0,0.0,1.0,0.0,0.0,1.0
762,0,-0.5049620073345151,0.0,2.094945728215801,7.125,0.0,123.0,30.0,0.0,1.0,0.0,1.0,0.0,1.0,0.0,1.0,0.0,1.0,0.0,0.0,1.0
763,1,-0.5028639729296732,0.0,2.1076888046179385,7.2292,0.0,60.0,21.0,0.0,1.0,0.0,1.0,0.0,1.0,0.0,1.0,0.0,1.0,0.0,0.0,1.0
764,1,1.7677408088510642,1.0,4.795790545596741,30.0,1.0,36.0,41.0,1.0,0.0,1.0,0.0,1.0,0.0,0.0,0.0,1.0,0.0,1.0,0.0,0.0
765,0,-0.4918744606632361,0.0,2.1719067693519296,7.775,0.0,48.0,22.0,0.0,1.0,0.0,1.0,0.0,1.0,0.0,1.0,0.0,1.0,0.0,0.0,1.0
766,1,0.921244330558889,1.0,4.368919865004903,38.97915,1.0,51.0,36.0,1.0,0.0,1.0,0.0,1.0,0.0,0.0,0.0,1.0,0.0,1.0,0.0,0.0
767,0,0.1489119590497745,0.0,3.703768066607687,39.6,0.0,49.0,25.0,0.0,1.0,1.0,0.0,0.0,1.0,0.0,0.0,0.0,1.0,0.0,0.0,0.0
768,0,-0.49237782784290063,1.0,2.169053700369523,7.75,0.0,91.5,18.0,1.0,1.0,0.0,1.0,1.0,0.0,1.0,0.0,0.0,1.0,0.0,0.0,0.0
769,0,-0.1621689579829361,0.0,3.224857896545748,12.075,0.0,78.0,19.0,0.0,1.0,0.0,1.0,0.0,1.0,0.0,1.0,0.0,1.0,0.0,0.0,1.0
770,0,-0.4800453319411184,0.0,2.236712348843338,8.3625,0.0,96.0,32.0,0.0,1.0,0.0,1.0,0.0,1.0,0.0,1.0,0.0,1.0,0.0,0.0,1.0
771,0,-0.45714212526638004,0.0,2.3513752571634776,9.5,0.0,72.0,22.0,0.0,1.0,0.0,1.0,0.0,1.0,0.0,1.0,0.0,1.0,0.0,0.0,1.0
772,0,-0.4902797934380587,0.0,2.180891922715322,7.8542,0.0,144.0,23.0,0.0,1.0,0.0,1.0,0.0,1.0,0.0,1.0,0.0,1.0,0.0,0.0,1.0
773,0,-0.43700743807979686,1.0,2.4423470353692043,10.5,1.0,114.0,17.0,1.0,0.0,0.0,0.0,1.0,0.0,0.0,0.0,1.0,0.0,0.0,1.0,0.0
774,0,-0.5029485386158568,0.0,2.1071782966514356,7.225,0.0,78.0,15.0,0.0,1.0,0.0,1.0,0.0,1.0,0.0,1.0,0.0,1.0,0.0,0.0,1.0
775,1,-0.18532384824750675,1.0,3.1780538303479458,4.6,0.0,108.0,37.0,1.0,1.0,0.0,0.0,1.0,0.0,0.0,0.0,1.0,1.0,0.0,1.0,0.0
776,0,-0.49237782784290063,0.0,2.169053700369523,7.75,0.0,54.0,39.0,0.0,1.0,0.0,1.0,0.0,1.0,0.0,1.0,0.0,1.0,0.0,0.0,1.0
777,0,-0.49237782784290063,0.0,2.169053700369523,7.75,1.0,78.0,16.0,0.0,0.0,0.0,1.0,0.0,1.0,0.0,1.0,0.0,0.0,0.0,0.0,1.0
778,1,-0.397241430886295,1.0,2.600836116795061,12.475,0.0,15.0,29.0,1.0,1.0,0.0,1.0,1.0,0.0,1.0,0.0,0.0,1.0,0.0,0.0,0.0
779,0,-0.4926295114327329,0.0,2.1676241075599285,7.7375,0.0,78.0,23.0,0.0,1.0,0.0,1.0,0.0,1.0,0.0,1.0,0.0,1.0,0.0,0.0,1.0
780,1,3.6067927997556075,1.0,5.35817698994543,105.66875,1.0,43.0,53.0,1.0,0.0,1.0,0.0,1.0,0.0,0.0,0.0,1.0,0.0,1.0,0.0,0.0
781,1,-0.5028639729296732,1.0,2.1076888046179385,7.2292,0.0,39.0,20.0,1.0,1.0,0.0,1.0,1.0,0.0,1.0,0.0,0.0,1.0,0.0,0.0,0.0
782,1,0.49925551609632224,1.0,4.060443010546419,28.5,1.0,17.0,41.0,1.0,0.0,1.0,0.0,1.0,0.0,0.0,0.0,1.0,0.0,1.0,0.0,0.0
783,0,-0.04438103794142432,0.0,3.4339872044851463,30.0,1.0,29.0,22.0,0.0,0.0,1.0,0.0,0.0,1.0,0.0,1.0,0.0,0.0,0.0,0.0,0.0
784,0,-0.17626323901354432,0.0,3.196630215920881,5.8625,0.0,78.0,22.0,0.0,1.0,0.0,1.0,0.0,1.0,0.0,1.0,0.0,1.0,0.0,0.0,1.0
785,0,-0.5064721088735089,0.0,2.085672091430472,7.05,0.0,75.0,16.0,0.0,1.0,0.0,1.0,0.0,1.0,0.0,1.0,0.0,1.0,0.0,0.0,1.0
786,0,-0.5024451714361923,0.0,2.1102132003465894,7.25,0.0,75.0,34.0,0.0,1.0,0.0,1.0,0.0,1.0,0.0,1.0,0.0,1.0,0.0,0.0,1.0
787,1,-0.4974960653257301,1.0,2.139571923732859,7.4958,0.0,54.0,25.0,1.0,1.0,0.0,1.0,1.0,0.0,1.0,0.0,0.0,1.0,0.0,0.0,0.0
788,0,-0.06199888922968463,0.0,3.405355391810819,4.854166666666667,0.0,24.0,25.0,1.0,1.0,0.0,1.0,0.0,1.0,0.0,0.0,0.0,1.0,0.0,0.0,1.0
789,1,-0.23415046467497105,0.0,3.0715352369694915,5.14375,0.0,3.0,26.0,1.0,1.0,0.0,1.0,0.0,1.0,0.0,0.0,0.0,1.0,0.0,0.0,1.0
790,0,0.9462455716384695,0.0,4.384523514872469,79.2,1.0,46.0,24.0,0.0,0.0,1.0,0.0,0.0,1.0,0.0,1.0,0.0,0.0,0.0,0.0,0.0
791,0,-0.49237782784290063,0.0,2.169053700369523,7.75,0.0,78.0,24.0,0.0,1.0,0.0,1.0,0.0,1.0,0.0,1.0,0.0,1.0,0.0,0.0,1.0
792,0,-0.12491978668775715,0.0,3.295836866004329,26.0,0.0,32.0,19.0,0.0,1.0,0.0,0.0,0.0,1.0,0.0,1.0,0.0,1.0,0.0,0.0,0.0
793,0,0.7519458402879414,1.0,4.256321678298823,6.322727272727272,0.0,54.0,23.0,1.0,1.0,0.0,1.0,1.0,0.0,1.0,0.0,0.0,1.0,0.0,0.0,0.0
794,0,-0.030371322596999754,0.0,3.4561841799918147,30.6958,0.0,40.0,24.0,0.0,1.0,1.0,0.0,0.0,1.0,0.0,1.0,0.0,1.0,0.0,0.0,0.0
795,0,-0.4894421904510968,0.0,2.1855792552411137,7.8958,0.0,75.0,21.0,0.0,1.0,0.0,1.0,0.0,1.0,0.0,1.0,0.0,1.0,0.0,0.0,1.0
796,0,-0.3866707201133388,0.0,2.6390573296152584,13.0,0.0,78.0,18.0,0.0,1.0,0.0,0.0,0.0,1.0,0.0,1.0,0.0,1.0,0.0,0.0,0.0
797,1,-0.1263453225405672,1.0,3.2932111997353943,25.9292,1.0,49.0,27.0,1.0,0.0,1.0,0.0,1.0,0.0,0.0,0.0,0.0,0.0,1.0,0.0,0.0
798,1,-0.4735861242916626,1.0,2.270402752283094,8.6833,0.0,93.0,16.0,1.0,1.0,0.0,1.0,1.0,0.0,0.0,0.0,1.0,1.0,0.0,0.0,0.0
799,0,-0.5028639729296732,0.0,2.1076888046179385,7.2292,0.0,90.0,28.0,0.0,1.0,0.0,1.0,0.0,1.0,0.0,1.0,0.0,1.0,0.0,0.0,1.0
800,0,-0.1621689579829361,1.0,3.224857896545748,8.049999999999999,0.0,90.0,52.0,1.0,1.0,0.0,1.0,1.0,0.0,0.0,0.0,1.0,1.0,0.0,0.0,0.0
801,0,-0.3866707201133388,0.0,2.6390573296152584,13.0,0.0,68.0,20.0,0.0,1.0,0.0,0.0,0.0,1.0,0.0,1.0,0.0,1.0,0.0,0.0,0.0
802,1,-0.11988611489111134,1.0,3.305053521109253,8.75,0.0,62.0,43.0,1.0,1.0,0.0,0.0,1.0,0.0,0.0,0.0,1.0,1.0,0.0,1.0,0.0
803,1,1.7677408088510642,0.0,4.795790545596741,30.0,1.0,11.0,35.0,1.0,0.0,1.0,0.0,0.0,1.0,0.0,0.0,0.0,0.0,0.0,0.0,0.0
804,1,-0.47694056317694733,0.0,2.2530481500547457,4.25835,0.0,1.26,31.0,1.0,1.0,0.0,1.0,0.0,1.0,0.0,0.0,0.0,1.0,0.0,0.0,1.0
805,1,-0.5079822104125026,0.0,2.076311648670908,6.975,0.0,81.0,23.0,0.0,1.0,0.0,1.0,0.0,1.0,0.0,1.0,0.0,1.0,0.0,0.0,1.0
806,0,-0.4918744606632361,0.0,2.1719067693519296,7.775,0.0,93.0,25.0,0.0,1.0,0.0,1.0,0.0,1.0,0.0,1.0,0.0,1.0,0.0,0.0,1.0
807,0,-0.6484216535389205,0.0,0.0,0.0,1.0,39.0,22.0,0.0,0.0,1.0,0.0,0.0,1.0,0.0,1.0,0.0,0.0,0.0,0.0,0.0
808,0,-0.4918744606632361,1.0,2.1719067693519296,7.775,0.0,54.0,31.0,1.0,1.0,0.0,1.0,1.0,0.0,1.0,0.0,0.0,1.0,0.0,0.0,0.0
809,0,-0.3866707201133388,0.0,2.6390573296152584,13.0,0.0,78.0,17.0,0.0,1.0,0.0,0.0,0.0,1.0,0.0,1.0,0.0,1.0,0.0,0.0,0.0
810,1,0.4207302360686478,1.0,3.9908341858524357,26.55,1.0,33.0,46.0,1.0,0.0,1.0,0.0,1.0,0.0,0.0,0.0,1.0,0.0,1.0,0.0,0.0
811,0,-0.4896093083547455,0.0,2.1846457951293594,7.8875,0.0,78.0,22.0,0.0,1.0,0.0,1.0,0.0,1.0,0.0,1.0,0.0,1.0,0.0,0.0,1.0
812,0,-0.1621689579829361,0.0,3.224857896545748,24.15,0.0,117.0,17.0,0.0,1.0,0.0,1.0,0.0,1.0,0.0,1.0,0.0,1.0,0.0,0.0,1.0
813,0,-0.43700743807979686,0.0,2.4423470353692043,10.5,0.0,70.0,25.0,0.0,1.0,0.0,0.0,0.0,1.0,0.0,1.0,0.0,1.0,0.0,0.0,0.0
814,0,-0.01870931177853076,1.0,3.4742929367327062,4.4678571428571425,0.0,18.0,34.0,1.0,1.0,0.0,1.0,1.0,0.0,1.0,0.0,0.0,1.0,0.0,0.0,0.0
815,0,-0.4863374216869257,0.0,2.2027647577118348,8.05,0.0,91.5,26.0,0.0,1.0,0.0,1.0,0.0,1.0,0.0,1.0,0.0,1.0,0.0,0.0,1.0
816,0,-0.6484216535389205,0.0,0.0,0.0,1.0,40.0,16.0,0.0,0.0,1.0,0.0,0.0,1.0,0.0,1.0,0.0,0.0,0.0,0.0,0.0
817,0,-0.4888542575852486,1.0,2.188856327665703,7.925,0.0,69.0,28.0,1.0,1.0,0.0,1.0,1.0,0.0,1.0,0.0,0.0,1.0,0.0,0.0,0.0
818,0,0.09664633805084172,0.0,3.637696679934592,12.334733333333332,0.0,62.0,18.0,0.0,1.0,0.0,0.0,0.0,1.0,0.0,1.0,0.0,1.0,0.0,0.0,0.0
819,0,-0.5185529211854588,0.0,2.0082140323914683,6.45,0.0,129.0,32.0,0.0,1.0,0.0,1.0,0.0,1.0,0.0,1.0,0.0,1.0,0.0,0.0,1.0
820,0,-0.08666388103324908,0.0,3.3638415951183864,4.6499999999999995,0.0,30.0,28.0,1.0,1.0,0.0,1.0,0.0,1.0,0.0,0.0,0.0,1.0,0.0,0.0,1.0
821,1,1.2341715984066093,1.0,4.548599834499697,31.166666666666668,1.0,52.0,50.0,1.0,0.0,1.0,0.0,1.0,0.0,0.0,0.0,1.0,0.0,1.0,0.0,0.0
822,1,-0.47400492578514347,0.0,2.2682524139135403,8.6625,0.0,81.0,17.0,0.0,1.0,0.0,1.0,0.0,1.0,0.0,1.0,0.0,1.0,0.0,0.0,1.0
823,0,-0.6484216535389205,0.0,0.0,0.0,0.0,38.0,31.0,0.0,1.0,1.0,0.0,0.0,1.0,0.0,0.0,0.0,1.0,0.0,0.0,0.0
824,1,-0.397241430886295,1.0,2.600836116795061,6.2375,1.0,81.0,18.0,1.0,0.0,0.0,1.0,1.0,0.0,0.0,0.0,1.0,0.0,0.0,0.0,0.0
825,0,0.1506737441786005,0.0,3.705920919968788,6.614583333333333,0.0,6.0,28.0,1.0,1.0,0.0,1.0,0.0,1.0,0.0,0.0,0.0,1.0,0.0,0.0,1.0
826,0,-0.5084855775921673,0.0,2.0731719286662407,6.95,0.0,78.0,15.0,0.0,1.0,0.0,1.0,0.0,1.0,0.0,1.0,0.0,1.0,0.0,0.0,1.0
827,0,0.48910360681684706,0.0,4.05171190165724,56.4958,0.0,78.0,12.0,0.0,1.0,0.0,1.0,0.0,1.0,0.0,1.0,0.0,1.0,0.0,0.0,1.0
828,1,0.09664633805084172,0.0,3.637696679934592,12.334733333333332,0.0,2.0,21.0,1.0,1.0,0.0,0.0,0.0,1.0,0.0,0.0,0.0,1.0,0.0,0.0,0.0
829,1,-0.49237782784290063,0.0,2.169053700369523,7.75,0.0,78.0,28.0,0.0,1.0,0.0,1.0,0.0,1.0,0.0,1.0,0.0,1.0,0.0,0.0,1.0
830,1,0.962353321387736,1.0,4.394449154672439,80.0,1.0,62.0,41.0,1.0,0.0,1.0,0.0,1.0,0.0,0.0,0.0,1.0,0.0,1.0,0.0,0.0
831,1,-0.3573908580066095,1.0,2.737880811060884,7.2271,0.0,45.0,39.0,1.0,1.0,0.0,1.0,1.0,0.0,0.0,0.0,1.0,1.0,0.0,0.0,0.0
832,1,-0.2708962687904854,0.0,2.9831534913471307,6.25,0.0,1.66,31.0,1.0,1.0,0.0,0.0,0.0,1.0,0.0,0.0,0.0,1.0,0.0,0.0,0.0
833,0,-0.5028639729296732,0.0,2.1076888046179385,7.2292,0.0,78.0,14.0,0.0,1.0,0.0,1.0,0.0,1.0,0.0,1.0,0.0,1.0,0.0,0.0,1.0
834,0,-0.4902797934380587,0.0,2.180891922715322,7.8542,0.0,69.0,22.0,0.0,1.0,0.0,1.0,0.0,1.0,0.0,1.0,0.0,1.0,0.0,0.0,1.0
835,0,-0.48130374989027985,0.0,2.2300144001592104,8.3,0.0,54.0,22.0,0.0,1.0,0.0,1.0,0.0,1.0,0.0,1.0,0.0,1.0,0.0,0.0,1.0
836,1,1.0259447039291216,1.0,4.432699549165613,27.71943333333333,1.0,39.0,27.0,1.0,0.0,1.0,0.0,1.0,0.0,1.0,0.0,0.0,0.0,1.0,0.0,0.0
837,0,-0.47400492578514347,0.0,2.2682524139135403,8.6625,0.0,63.0,16.0,0.0,1.0,0.0,1.0,0.0,1.0,0.0,1.0,0.0,1.0,0.0,0.0,1.0
838,0,-0.4863374216869257,0.0,2.2027647577118348,8.05,0.0,78.0,19.0,0.0,1.0,0.0,1.0,0.0,1.0,0.0,1.0,0.0,1.0,0.0,0.0,1.0
839,1,0.48910360681684706,0.0,4.05171190165724,56.4958,0.0,96.0,15.0,0.0,1.0,0.0,1.0,0.0,1.0,0.0,1.0,0.0,1.0,0.0,0.0,1.0
840,1,-0.05042144409739929,0.0,3.4242626545931514,29.7,1.0,40.0,20.0,0.0,0.0,1.0,0.0,0.0,1.0,0.0,1.0,0.0,0.0,0.0,0.0,0.0
841,0,-0.4888542575852486,0.0,2.188856327665703,7.925,0.0,60.0,27.0,0.0,1.0,0.0,1.0,0.0,1.0,0.0,1.0,0.0,1.0,0.0,0.0,1.0
842,0,-0.43700743807979686,0.0,2.4423470353692043,10.5,0.0,32.0,24.0,0.0,1.0,0.0,0.0,0.0,1.0,0.0,1.0,0.0,1.0,0.0,0.0,0.0
843,1,-0.024246350754841113,1.0,3.4657359027997265,31.0,0.0,30.0,23.0,1.0,1.0,1.0,0.0,1.0,0.0,1.0,0.0,0.0,1.0,1.0,0.0,0.0
844,0,-0.5188046047752911,0.0,2.006534770871748,6.4375,0.0,103.5,26.0,0.0,1.0,0.0,1.0,0.0,1.0,0.0,1.0,0.0,1.0,0.0,0.0,1.0
845,0,-0.47400492578514347,0.0,2.2682524139135403,8.6625,0.0,51.0,19.0,0.0,1.0,0.0,1.0,0.0,1.0,0.0,1.0,0.0,1.0,0.0,0.0,1.0
846,0,-0.49640476528021726,0.0,2.145931282948669,7.55,0.0,126.0,19.0,0.0,1.0,0.0,1.0,0.0,1.0,0.0,1.0,0.0,1.0,0.0,0.0,1.0
847,0,0.7519458402879414,0.0,4.256321678298823,6.322727272727272,0.0,78.0,24.0,0.0,1.0,0.0,1.0,0.0,1.0,0.0,1.0,0.0,1.0,0.0,0.0,1.0
848,0,-0.4894421904510968,0.0,2.1855792552411137,7.8958,0.0,105.0,18.0,0.0,1.0,0.0,1.0,0.0,1.0,0.0,1.0,0.0,1.0,0.0,0.0,1.0
849,0,0.016023023618325298,0.0,3.5263605246161616,16.5,0.0,56.0,17.0,0.0,1.0,0.0,0.0,0.0,1.0,0.0,0.0,0.0,1.0,0.0,0.0,0.0
850,1,1.145663540471827,1.0,4.500966778400217,44.5521,1.0,40.0,44.0,1.0,0.0,1.0,0.0,1.0,0.0,0.0,0.0,1.0,0.0,1.0,0.0,0.0
851,0,-0.01870931177853076,0.0,3.4742929367327062,4.4678571428571425,0.0,12.0,39.0,1.0,1.0,0.0,1.0,0.0,1.0,0.0,0.0,0.0,1.0,0.0,0.0,1.0
852,0,-0.4918744606632361,0.0,2.1719067693519296,7.775,0.0,222.0,19.0,0.0,1.0,0.0,1.0,0.0,1.0,0.0,1.0,0.0,1.0,0.0,0.0,1.0
853,0,-0.3414522396297103,1.0,2.7878344138303452,5.081933333333333,0.0,27.0,23.0,1.0,1.0,0.0,1.0,1.0,0.0,1.0,0.0,0.0,1.0,0.0,0.0,0.0
854,1,0.14488502161245778,1.0,3.6988297849671046,19.7,1.0,16.0,25.0,1.0,0.0,1.0,0.0,1.0,0.0,1.0,0.0,0.0,0.0,1.0,0.0,0.0
855,0,-0.12491978668775715,1.0,3.295836866004329,13.0,0.0,88.0,45.0,1.0,1.0,0.0,0.0,1.0,0.0,0.0,0.0,1.0,1.0,0.0,1.0,0.0
856,1,-0.4601623283443675,1.0,2.336986519711378,4.675,0.0,54.0,26.0,1.0,1.0,0.0,1.0,1.0,0.0,0.0,0.0,1.0,1.0,0.0,0.0,0.0
857,1,2.671117778445337,1.0,5.11118445372147,54.95556666666667,0.0,45.0,42.0,1.0,1.0,1.0,0.0,1.0,0.0,0.0,0.0,1.0,1.0,1.0,0.0,0.0
858,1,-0.11384570873513637,0.0,3.3160025355989236,26.55,1.0,51.0,22.0,0.0,0.0,1.0,0.0,0.0,1.0,0.0,1.0,0.0,0.0,0.0,0.0,0.0
859,1,-0.26066180729354516,1.0,3.0085645861193133,4.814575,0.0,72.0,37.0,1.0,1.0,0.0,1.0,1.0,0.0,0.0,0.0,1.0,1.0,0.0,0.0,0.0
860,0,-0.5028639729296732,0.0,2.1076888046179385,7.2292,0.0,78.0,16.0,0.0,1.0,0.0,1.0,0.0,1.0,0.0,1.0,0.0,1.0,0.0,0.0,1.0
861,0,-0.36435544630444866,0.0,2.7152442616824506,4.702766666666666,0.0,123.0,23.0,0.0,1.0,0.0,1.0,0.0,1.0,0.0,1.0,0.0,1.0,0.0,0.0,1.0
862,0,-0.41687275089321363,0.0,2.5257286443082556,5.75,0.0,42.0,27.0,0.0,1.0,0.0,0.0,0.0,1.0,0.0,1.0,0.0,1.0,0.0,0.0,0.0
863,1,-0.1263453225405672,1.0,3.2932111997353943,25.9292,1.0,48.0,51.0,1.0,0.0,1.0,0.0,1.0,0.0,0.0,0.0,1.0,0.0,1.0,0.0,0.0
864,0,0.7519458402879414,1.0,4.256321678298823,6.322727272727272,0.0,54.0,33.0,1.0,1.0,0.0,1.0,1.0,0.0,1.0,0.0,0.0,1.0,0.0,0.0,0.0
865,0,-0.3866707201133388,0.0,2.6390573296152584,13.0,0.0,48.0,22.0,0.0,1.0,0.0,0.0,0.0,1.0,0.0,1.0,0.0,1.0,0.0,0.0,0.0
866,1,-0.3866707201133388,1.0,2.6390573296152584,13.0,0.0,84.0,24.0,1.0,1.0,0.0,0.0,1.0,0.0,0.0,0.0,1.0,1.0,0.0,1.0,0.0
867,1,-0.3693891181010945,1.0,2.698558631668595,6.92915,0.0,54.0,28.0,1.0,1.0,0.0,0.0,1.0,0.0,1.0,0.0,0.0,1.0,0.0,1.0,0.0
868,0,0.3682954836973478,0.0,3.941500250945973,50.4958,1.0,31.0,36.0,0.0,0.0,1.0,0.0,0.0,1.0,0.0,1.0,0.0,0.0,0.0,0.0,0.0
869,0,-0.45714212526638004,0.0,2.3513752571634776,9.5,0.0,78.0,27.0,0.0,1.0,0.0,1.0,0.0,1.0,0.0,1.0,0.0,1.0,0.0,0.0,1.0
870,1,-0.4242561406845337,0.0,2.495953738718064,3.7111,0.0,12.0,31.0,1.0,1.0,0.0,1.0,0.0,1.0,0.0,0.0,0.0,1.0,0.0,0.0,1.0
871,0,-0.4894421904510968,0.0,2.1855792552411137,7.8958,0.0,78.0,17.0,0.0,1.0,0.0,1.0,0.0,1.0,0.0,1.0,0.0,1.0,0.0,0.0,1.0
872,1,0.40974072380221066,1.0,3.9806942251907276,17.518066666666666,1.0,47.0,48.0,1.0,0.0,1.0,0.0,1.0,0.0,0.0,0.0,1.0,0.0,1.0,0.0,0.0
873,0,-0.5477482176060045,0.0,1.791759469228055,5.0,1.0,33.0,24.0,0.0,0.0,1.0,0.0,0.0,1.0,0.0,1.0,0.0,0.0,0.0,0.0,0.0
874,0,-0.46720946885967163,0.0,2.302585092994046,9.0,0.0,141.0,27.0,0.0,1.0,0.0,1.0,0.0,1.0,0.0,1.0,0.0,1.0,0.0,0.0,1.0
875,1,-0.16518916106092355,1.0,3.2188758248682006,12.0,0.0,56.0,37.0,1.0,1.0,0.0,0.0,1.0,0.0,0.0,0.0,1.0,1.0,0.0,1.0,0.0
876,1,-0.5029485386158568,1.0,2.1071782966514356,7.225,0.0,45.0,32.0,1.0,1.0,0.0,1.0,1.0,0.0,1.0,0.0,0.0,1.0,0.0,0.0,0.0
877,0,-0.45017955043725955,0.0,2.3837779082709782,9.8458,0.0,60.0,29.0,0.0,1.0,0.0,1.0,0.0,1.0,0.0,1.0,0.0,1.0,0.0,0.0,1.0
878,0,-0.4894421904510968,0.0,2.1855792552411137,7.8958,0.0,57.0,20.0,0.0,1.0,0.0,1.0,0.0,1.0,0.0,1.0,0.0,1.0,0.0,0.0,1.0
879,0,-0.4894421904510968,0.0,2.1855792552411137,7.8958,0.0,78.0,18.0,0.0,1.0,0.0,1.0,0.0,1.0,0.0,1.0,0.0,1.0,0.0,0.0,1.0
880,1,1.0259447039291216,1.0,4.432699549165613,41.57915,1.0,56.0,45.0,1.0,0.0,1.0,0.0,1.0,0.0,0.0,0.0,1.0,0.0,1.0,0.0,0.0
881,1,-0.12491978668775715,1.0,3.295836866004329,13.0,0.0,50.0,44.0,1.0,1.0,0.0,0.0,1.0,0.0,0.0,0.0,1.0,1.0,0.0,1.0,0.0
882,0,-0.4894421904510968,0.0,2.1855792552411137,7.8958,0.0,99.0,18.0,0.0,1.0,0.0,1.0,0.0,1.0,0.0,1.0,0.0,1.0,0.0,0.0,1.0
883,0,-0.4366711888037809,1.0,2.4437981558973862,10.5167,0.0,66.0,28.0,1.0,1.0,0.0,1.0,1.0,0.0,1.0,0.0,0.0,1.0,0.0,0.0,0.0
884,0,-0.43700743807979686,0.0,2.4423470353692043,10.5,0.0,56.0,29.0,0.0,1.0,0.0,0.0,0.0,1.0,0.0,1.0,0.0,1.0,0.0,0.0,0.0
885,0,-0.5064721088735089,0.0,2.085672091430472,7.05,0.0,75.0,22.0,0.0,1.0,0.0,1.0,0.0,1.0,0.0,1.0,0.0,1.0,0.0,0.0,1.0
886,0,-0.06199888922968463,1.0,3.405355391810819,4.854166666666667,0.0,117.0,36.0,1.0,1.0,0.0,1.0,1.0,0.0,0.0,0.0,1.0,1.0,0.0,0.0,0.0
887,0,-0.3866707201133388,0.0,2.6390573296152584,13.0,0.0,54.0,21.0,0.0,1.0,0.0,0.0,0.0,1.0,0.0,0.0,0.0,1.0,0.0,0.0,0.0
888,1,-0.04438103794142432,1.0,3.4339872044851463,30.0,1.0,19.0,28.0,1.0,0.0,1.0,0.0,1.0,0.0,1.0,0.0,0.0,0.0,1.0,0.0,0.0
889,0,-0.17626323901354432,1.0,3.196630215920881,5.8625,0.0,54.0,40.0,1.0,1.0,0.0,1.0,1.0,0.0,1.0,0.0,0.0,1.0,0.0,0.0,0.0
890,1,-0.04438103794142432,0.0,3.4339872044851463,30.0,1.0,26.0,21.0,0.0,0.0,1.0,0.0,0.0,1.0,0.0,1.0,0.0,0.0,0.0,0.0,0.0
891,0,-0.49237782784290063,0.0,2.169053700369523,7.75,0.0,96.0,19.0,0.0,1.0,0.0,1.0,0.0,1.0,0.0,1.0,0.0,1.0,0.0,0.0,1.0
