PassengerId,Survived,Pclass,Sex,SexEncoded,AgeFilled,AgeBand,SibSp,Parch,FamilySize,FamilyGroup,IsAlone,FareFilled,FareLog,FarePerPerson,FareBand,EmbarkedFilled,Title,CabinDeck,HasCabin,TicketPrefix,SexPclass,AgePclass,NameLength,WomenChildPriority,AgeMissing,FareMissing,CabinMissing
1,0,3,male,0,22.0,Young,1,0,2,Small,0,7.25,2.1102132003465894,3.625,Q1,S,Mr,U,0,A,male_P3,66.0,23,0,0,0,1
2,1,1,female,1,38.0,Middle,1,0,2,Small,0,71.2833,4.2805931204649,35.64165,Q4,C,Mrs,C,1,PC,female_P1,38.0,51,1,0,0,0
3,1,3,female,1,26.0,Young,0,0,1,Solo,1,7.925,2.188856327665703,7.925,Q2,S,Miss,U,0,STONO,female_P3,78.0,22,1,0,0,1
4,1,1,female,1,35.0,Young,1,0,2,Small,0,53.1,3.9908341858524357,26.55,Q4,S,Mrs,C,1,NONE,female_P1,35.0,44,1,0,0,0
5,0,3,male,0,35.0,Young,0,0,1,Solo,1,8.05,2.2027647577118348,8.05,Q2,S,Mr,U,0,NONE,male_P3,105.0,24,0,0,0,1
6,0,3,male,0,26.0,Young,0,0,1,Solo,1,8.4583,2.246892662898172,8.4583,Q2,Q,Mr,U,0,NONE,male_P3,78.0,16,0,1,0,1
7,0,1,male,0,54.0,Senior,0,0,1,Solo,1,51.8625,3.967694202798607,51.8625,Q4,S,Mr,E,1,NONE,male_P1,54.0,23,0,0,0,0
8,0,3,male,0,2.0,Child,3,1,5,Medium,0,21.075,3.0944457464900235,4.215,Q3,S,Master,U,0,NONE,male_P3,6.0,30,1,0,0,1
9,1,3,female,1,27.0,Young,0,2,3,Small,0,11.1333,2.495953738718064,3.7111,Q2,S,Mrs,U,0,NONE,female_P3,81.0,49,1,0,0,1
10,1,2,female,1,14.0,Teen,1,0,2,Small,0,30.0708,3.436268471383741,15.0354,Q3,C,Mrs,U,0,NONE,female_P2,28.0,35,1,0,0,1
11,1,3,female,1,4.0,Child,1,1,3,Small,0,16.7,2.8735646395797834,5.566666666666666,Q3,S,Miss,G,1,OTHER,female_P3,12.0,31,1,0,0,0
12,1,1,female,1,58.0,Senior,0,0,1,Solo,1,26.55,3.3160025355989236,26.55,Q3,S,Miss,C,1,NONE,female_P1,58.0,24,1,0,0,0
13,0,3,male,0,20.0,Young,0,0,1,Solo,1,8.05,2.2027647577118348,8.05,Q2,S,Mr,U,0,A,male_P3,60.0,30,0,0,0,1
14,0,3,male,0,39.0,Middle,1,5,7,Large,0,31.275,3.4742929367327062,4.4678571428571425,Q4,S,Mr,U,0,NONE,male_P3,117.0,27,0,0,0,1
15,0,3,female,1,14.0,Teen,0,0,1,Solo,1,7.8542,2.180891922715322,7.8542,Q1,S,Miss,U,0,NONE,female_P3,42.0,36,1,0,0,1
16,1,2,female,1,55.0,Senior,0,0,1,Solo,1,16.0,2.833213344056216,16.0,Q3,S,Mrs,U,0,NONE,female_P2,110.0,32,1,0,0,1
17,0,3,male,0,2.0,Child,4,1,6,Medium,0,29.125,3.405355391810819,4.854166666666667,Q3,Q,Master,U,0,NONE,male_P3,6.0,20,1,0,0,1
18,1,2,male,0,31.0,Young,0,0,1,Solo,1,13.0,2.6390573296152584,13.0,Q2,S,Mr,U,0,NONE,male_P2,62.0,28,0,1,0,1
19,0,3,female,1,31.0,Young,1,0,2,Small,0,18.0,2.9444389791664403,9.0,Q3,S,Mrs,U,0,NONE,female_P3,93.0,55,1,0,0,1
20,1,3,female,1,31.0,Young,0,0,1,Solo,1,7.225,2.1071782966514356,7.225,Q1,C,Mrs,U,0,NONE,female_P3,93.0,23,1,1,0,1
21,0,2,male,0,35.0,Young,0,0,1,Solo,1,26.0,3.295836866004329,26.0,Q3,S,Mr,U,0,NONE,male_P2,70.0,20,0,0,0,1
22,1,2,male,0,34.0,Young,0,0,1,Solo,1,13.0,2.6390573296152584,13.0,Q2,S,Mr,D,1,NONE,male_P2,68.0,21,0,0,0,0
23,1,3,female,1,15.0,Teen,0,0,1,Solo,1,8.0292,2.2004637699272855,8.0292,Q2,Q,Miss,U,0,NONE,female_P3,45.0,27,1,0,0,1
24,1,1,male,0,28.0,Young,0,0,1,Solo,1,35.5,3.597312260588446,35.5,Q4,S,Mr,A,1,NONE,male_P1,28.0,28,0,0,0,0
25,0,3,female,1,8.0,Child,3,1,5,Medium,0,21.075,3.0944457464900235,4.215,Q3,S,Miss,U,0,NONE,female_P3,24.0,29,1,0,0,1
26,1,3,female,1,38.0,Middle,1,5,7,Large,0,31.3875,3.4777725458882283,4.483928571428572,Q4,S,Mrs,U,0,NONE,female_P3,114.0,57,1,0,0,1
27,0,3,male,0,26.0,Young,0,0,1,Solo,1,7.225,2.1071782966514356,7.225,Q1,C,Mr,U,0,NONE,male_P3,78.0,23,0,1,0,1
28,0,1,male,0,19.0,Young,3,2,6,Medium,0,263.0,5.575949103146316,43.833333333333336,Q4,S,Mr,C,1,NONE,male_P1,19.0,30,0,0,0,0
29,1,3,female,1,18.0,Teen,0,0,1,Solo,1,7.8792,2.1837114628556327,7.8792,Q1,Q,Miss,U,0,NONE,female_P3,54.0,29,1,1,0,1
30,0,3,male,0,26.0,Young,0,0,1,Solo,1,7.8958,2.1855792552411137,7.8958,Q1,S,Mr,U,0,NONE,male_P3,78.0,19,0,1,0,1
31,0,1,male,0,40.0,Middle,0,0,1,Solo,1,27.7208,3.357621598945279,27.7208,Q3,C,Rare,U,0,PC,male_P1,40.0,24,0,0,0,1
32,1,1,female,1,40.0,Middle,1,0,2,Small,0,146.5208,4.993969182787072,73.2604,Q4,C,Mrs,B,1,PC,female_P1,40.0,46,1,1,0,0
33,1,3,female,1,18.0,Teen,0,0,1,Solo,1,7.75,2.169053700369523,7.75,Q1,Q,Miss,U,0,NONE,female_P3,54.0,24,1,1,0,1
34,0,2,male,0,66.0,Elder,0,0,1,Solo,1,10.5,2.4423470353692043,10.5,Q2,S,Mr,U,0,CA,male_P2,132.0,21,0,0,0,1
35,0,1,male,0,28.0,Young,1,0,2,Small,0,82.1708,4.420896324687287,41.0854,Q4,C,Mr,U,0,PC,male_P1,28.0,23,0,0,0,1
36,0,1,male,0,42.0,Middle,1,0,2,Small,0,52.0,3.970291913552122,26.0,Q4,S,Mr,U,0,NONE,male_P1,42.0,30,0,0,0,1
37,1,3,male,0,26.0,Young,0,0,1,Solo,1,7.2292,2.1076888046179385,7.2292,Q1,C,Mr,U,0,NONE,male_P3,78.0,16,0,1,0,1
38,0,3,male,0,21.0,Young,0,0,1,Solo,1,8.05,2.2027647577118348,8.05,Q2,S,Mr,U,0,A,male_P3,63.0,24,0,0,0,1
39,0,3,female,1,18.0,Teen,2,0,3,Small,0,18.0,2.9444389791664403,6.0,Q3,S,Miss,U,0,NONE,female_P3,54.0,34,1,0,0,1
40,1,3,female,1,14.0,Teen,1,0,2,Small,0,11.2417,2.5048481563289,5.62085,Q2,C,Miss,U,0,NONE,female_P3,42.0,27,1,0,0,1
41,0,3,female,1,40.0,Middle,1,0,2,Small,0,9.475,2.348991465808201,4.7375,Q2,S,Mrs,U,0,NONE,female_P3,120.0,46,1,0,0,1
42,0,2,female,1,27.0,Young,1,0,2,Small,0,21.0,3.091042453358316,10.5,Q3,S,Mrs,U,0,NONE,female_P2,54.0,56,1,0,0,1
43,0,3,male,0,26.0,Young,0,0,1,Solo,1,7.8958,2.1855792552411137,7.8958,Q1,C,Mr,U,0,NONE,male_P3,78.0,19,0,1,0,1
44,1,2,female,1,3.0,Child,1,2,4,Small,0,41.5792,3.7513658711253766,10.3948,Q4,C,Miss,U,0,SCPARIS,female_P2,6.0,40,1,0,0,1
45,1,3,female,1,19.0,Young,0,0,1,Solo,1,7.8792,2.1837114628556327,7.8792,Q1,Q,Miss,U,0,NONE,female_P3,57.0,29,1,0,0,1
46,0,3,male,0,26.0,Young,0,0,1,Solo,1,8.05,2.2027647577118348,8.05,Q2,S,Mr,U,0,OTHER,male_P3,78.0,24,0,1,0,1
47,0,3,male,0,26.0,Young,1,0,2,Small,0,15.5,2.803360380906535,7.75,Q3,Q,Mr,U,0,NONE,male_P3,78.0,17,0,1,0,1
48,1,3,female,1,18.0,Teen,0,0,1,Solo,1,7.75,2.169053700369523,7.75,Q1,Q,Miss,U,0,NONE,female_P3,54.0,25,1,1,0,1
49,0,3,male,0,26.0,Young,2,0,3,Small,0,21.6792,3.1214482048688246,7.226400000000001,Q3,C,Mr,U,0,NONE,male_P3,78.0,19,0,1,0,1
50,0,3,female,1,18.0,Teen,1,0,2,Small,0,17.8,2.9338568698359038,8.9,Q3,S,Mrs,U,0,NONE,female_P3,54.0,45,1,0,0,1
51,0,3,male,0,7.0,Child,4,1,6,Medium,0,39.6875,3.705920919968788,6.614583333333333,Q4,S,Master,U,0,NONE,male_P3,21.0,26,1,0,0,1
52,0,3,male,0,21.0,Young,0,0,1,Solo,1,7.8,2.174751721484161,7.8,Q1,S,Mr,U,0,A,male_P3,63.0,28,0,0,0,1
53,1,1,female,1,49.0,Middle,1,0,2,Small,0,76.7292,4.353230991152628,38.3646,Q4,C,Mrs,D,1,PC,female_P1,49.0,40,1,0,0,0
54,1,2,female,1,29.0,Young,1,0,2,Small,0,26.0,3.295836866004329,13.0,Q3,S,Mrs,U,0,NONE,female_P2,58.0,50,1,0,0,1
55,0,1,male,0,65.0,Senior,0,1,2,Small,0,61.9792,4.142804513146981,30.9896,Q4,C,Mr,B,1,NONE,male_P1,65.0,30,0,0,0,0
56,1,1,male,0,40.0,Middle,0,0,1,Solo,1,35.5,3.597312260588446,35.5,Q4,S,Mr,C,1,NONE,male_P1,40.0,17,0,1,0,0
57,1,2,female,1,21.0,Young,0,0,1,Solo,1,10.5,2.4423470353692043,10.5,Q2,S,Miss,U,0,CA,female_P2,42.0,17,1,0,0,1
58,0,3,male,0,28.5,Young,0,0,1,Solo,1,7.2292,2.1076888046179385,7.2292,Q1,C,Mr,U,0,NONE,male_P3,85.5,19,0,0,0,1
59,1,2,female,1,5.0,Child,1,2,4,Small,0,27.75,3.3586377672433594,6.9375,Q3,S,Miss,U,0,CA,female_P2,10.0,28,1,0,0,1
60,0,3,male,0,11.0,Child,5,2,8,Large,0,46.9,3.8691155044168695,5.8625,Q4,S,Master,U,0,CA,male_P3,33.0,34,1,0,0,1
61,0,3,male,0,22.0,Young,0,0,1,Solo,1,7.2292,2.1076888046179385,7.2292,Q1,C,Mr,U,0,NONE,male_P3,66.0,21,0,0,0,1
62,1,1,female,1,38.0,Middle,0,0,1,Solo,1,80.0,4.394449154672439,80.0,Q4,S,Miss,B,1,NONE,female_P1,38.0,19,1,0,0,0
63,0,1,male,0,45.0,Middle,1,0,2,Small,0,83.475,4.436455632600354,41.7375,Q4,S,Mr,C,1,NONE,male_P1,45.0,27,0,0,0,0
64,0,3,male,0,4.0,Child,3,2,6,Medium,0,27.9,3.3638415951183864,4.6499999999999995,Q3,S,Master,U,0,NONE,male_P3,12.0,21,1,0,0,1
65,0,1,male,0,40.0,Middle,0,0,1,Solo,1,27.7208,3.357621598945279,27.7208,Q3,C,Mr,U,0,PC,male_P1,40.0,21,0,1,0,1
66,1,3,male,0,4.0,Child,1,1,3,Small,0,15.2458,2.7878344138303452,5.081933333333333,Q3,C,Master,U,0,NONE,male_P3,12.0,24,1,1,0,1
67,1,2,female,1,29.0,Young,0,0,1,Solo,1,10.5,2.4423470353692043,10.5,Q2,S,Mrs,F,1,CA,female_P2,58.0,28,1,0,0,0
68,0,3,male,0,19.0,Young,0,0,1,Solo,1,8.1583,2.2146605719425225,8.1583,Q2,S,Mr,U,0,OTHER,male_P3,57.0,24,0,0,0,1
69,1,3,female,1,17.0,Teen,4,2,7,Large,0,7.925,2.188856327665703,1.1321428571428571,Q2,S,Miss,U,0,NONE,female_P3,51.0,31,1,0,0,1
70,0,3,male,0,26.0,Young,2,0,3,Small,0,8.6625,2.2682524139135403,2.8874999999999997,Q2,S,Mr,U,0,NONE,male_P3,78.0,17,0,0,0,1
71,0,2,male,0,32.0,Young,0,0,1,Solo,1,10.5,2.4423470353692043,10.5,Q2,S,Mr,U,0,CA,male_P2,64.0,26,0,0,0,1
72,0,3,female,1,16.0,Teen,5,2,8,Large,0,46.9,3.8691155044168695,5.8625,Q4,S,Miss,U,0,CA,female_P3,48.0,26,1,0,0,1
73,0,2,male,0,21.0,Young,0,0,1,Solo,1,73.5,4.310799125385514,73.5,Q4,S,Mr,U,0,OTHER,male_P2,42.0,20,0,0,0,1
74,0,3,male,0,26.0,Young,1,0,2,Small,0,14.4542,2.737880811060884,7.2271,Q2,C,Mr,U,0,NONE,male_P3,78.0,27,0,0,0,1
75,1,3,male,0,32.0,Young,0,0,1,Solo,1,56.4958,4.05171190165724,56.4958,Q4,S,Mr,U,0,NONE,male_P3,96.0,13,0,0,0,1
76,0,3,male,0,25.0,Young,0,0,1,Solo,1,7.65,2.157559320943788,7.65,Q1,S,Mr,F,1,NONE,male_P3,75.0,23,0,0,0,0
77,0,3,male,0,26.0,Young,0,0,1,Solo,1,7.8958,2.1855792552411137,7.8958,Q1,S,Mr,U,0,NONE,male_P3,78.0,17,0,1,0,1
78,0,3,male,0,26.0,Young,0,0,1,Solo,1,8.05,2.2027647577118348,8.05,Q2,S,Mr,U,0,NONE,male_P3,78.0,24,0,1,0,1
79,1,2,male,0,0.83,Child,0,2,3,Small,0,29.0,3.4011973816621555,9.666666666666666,Q3,S,Master,U,0,NONE,male_P2,1.66,29,1,0,0,1
80,1,3,female,1,30.0,Young,0,0,1,Solo,1,12.475,2.600836116795061,12.475,Q2,S,Miss,U,0,NONE,female_P3,90.0,24,1,0,0,1
81,0,3,male,0,22.0,Young,0,0,1,Solo,1,9.0,2.302585092994046,9.0,Q2,S,Mr,U,0,NONE,male_P3,66.0,20,0,0,0,1
82,1,3,male,0,29.0,Young,0,0,1,Solo,1,9.5,2.3513752571634776,9.5,Q2,S,Mr,U,0,NONE,male_P3,87.0,27,0,0,0,1
83,1,3,female,1,18.0,Teen,0,0,1,Solo,1,7.7875,2.1733302571367834,7.7875,Q1,Q,Miss,U,0,NONE,female_P3,54.0,30,1,1,0,1
84,0,1,male,0,28.0,Young,0,0,1,Solo,1,47.1,3.8732821771117156,47.1,Q4,S,Mr,U,0,NONE,male_P1,28.0,23,0,0,0,1
85,1,2,female,1,17.0,Teen,0,0,1,Solo,1,10.5,2.4423470353692043,10.5,Q2,S,Miss,U,0,OTHER,female_P2,34.0,19,1,0,0,1
86,1,3,female,1,33.0,Young,3,0,4,Small,0,15.85,2.8243506567983707,3.9625,Q3,S,Mrs,U,0,NONE,female_P3,99.0,55,1,0,0,1
87,0,3,male,0,16.0,Teen,1,3,5,Medium,0,34.375,3.5660053559634015,6.875,Q4,S,Mr,U,0,WC,male_P3,48.0,22,0,0,0,1
88,0,3,male,0,26.0,Young,0,0,1,Solo,1,8.05,2.2027647577118348,8.05,Q2,S,Mr,U,0,SOTONOQ,male_P3,78.0,29,0,1,0,1
89,1,1,female,1,23.0,Young,3,2,6,Medium,0,263.0,5.575949103146316,43.833333333333336,Q4,S,Miss,C,1,NONE,female_P1,23.0,26,1,0,0,0
90,0,3,male,0,24.0,Young,0,0,1,Solo,1,8.05,2.2027647577118348,8.05,Q2,S,Mr,U,0,NONE,male_P3,72.0,22,0,0,0,1
91,0,3,male,0,29.0,Young,0,0,1,Solo,1,8.05,2.2027647577118348,8.05,Q2,S,Mr,U,0,NONE,male_P3,87.0,20,0,0,0,1
92,0,3,male,0,20.0,Young,0,0,1,Solo,1,7.8542,2.180891922715322,7.8542,Q1,S,Mr,U,0,NONE,male_P3,60.0,26,0,0,0,1
93,0,1,male,0,46.0,Middle,1,0,2,Small,0,61.175,4.1299529896894684,30.5875,Q4,S,Mr,E,1,OTHER,male_P1,46.0,27,0,0,0,0
94,0,3,male,0,26.0,Young,1,2,4,Small,0,20.575,3.0715352369694915,5.14375,Q3,S,Mr,U,0,CA,male_P3,78.0,23,0,0,0,1
95,0,3,male,0,59.0,Senior,0,0,1,Solo,1,7.25,2.1102132003465894,7.25,Q1,S,Mr,U,0,NONE,male_P3,177.0,17,0,0,0,1
96,0,3,male,0,26.0,Young,0,0,1,Solo,1,8.05,2.2027647577118348,8.05,Q2,S,Mr,U,0,NONE,male_P3,78.0,27,0,1,0,1
97,0,1,male,0,71.0,Elder,0,0,1,Solo,1,34.6542,3.57386695198272,34.6542,Q4,C,Mr,A,1,PC,male_P1,71.0,25,0,0,0,0
98,1,1,male,0,23.0,Young,0,1,2,Small,0,63.3583,4.164465907853638,31.67915,Q4,C,Mr,D,1,PC,male_P1,23.0,31,0,0,0,0
99,1,2,female,1,34.0,Young,0,1,2,Small,0,23.0,3.1780538303479458,11.5,Q3,S,Mrs,U,0,NONE,female_P2,68.0,36,1,0,0,1
100,0,2,male,0,34.0,Young,1,0,2,Small,0,26.0,3.295836866004329,13.0,Q3,S,Mr,U,0,NONE,male_P2,68.0,17,0,0,0,1
101,0,3,female,1,28.0,Young,0,0,1,Solo,1,7.8958,2.1855792552411137,7.8958,Q1,S,Miss,U,0,NONE,female_P3,84.0,23,1,0,0,1
102,0,3,male,0,26.0,Young,0,0,1,Solo,1,7.8958,2.1855792552411137,7.8958,Q1,S,Mr,U,0,NONE,male_P3,78.0,32,0,1,0,1
103,0,1,male,0,21.0,Young,0,1,2,Small,0,77.2875,4.360387947851531,38.64375,Q4,S,Mr,D,1,NONE,male_P1,21.0,25,0,0,0,0
104,0,3,male,0,33.0,Young,0,0,1,Solo,1,8.6542,2.267393053825037,8.6542,Q2,S,Mr,U,0,NONE,male_P3,99.0,26,0,0,0,1
105,0,3,male,0,37.0,Middle,2,0,3,Small,0,7.925,2.188856327665703,2.6416666666666666,Q2,S,Mr,U,0,NONE,male_P3,111.0,30,0,0,0,1
106,0,3,male,0,28.0,Young,0,0,1,Solo,1,7.8958,2.1855792552411137,7.8958,Q1,S,Mr,U,0,NONE,male_P3,84.0,21,0,0,0,1
107,1,3,female,1,21.0,Young,0,0,1,Solo,1,7.65,2.157559320943788,7.65,Q1,S,Miss,U,0,NONE,female_P3,63.0,32,1,0,0,1
108,1,3,male,0,26.0,Young,0,0,1,Solo,1,7.775,2.1719067693519296,7.775,Q1,S,Mr,U,0,NONE,male_P3,78.0,22,0,1,0,1
109,0,3,male,0,38.0,Middle,0,0,1,Solo,1,7.8958,2.1855792552411137,7.8958,Q1,S,Mr,U,0,NONE,male_P3,114.0,15,0,0,0,1
110,1,3,female,1,18.0,Teen,1,0,2,Small,0,24.15,3.224857896545748,12.075,Q3,Q,Miss,U,0,NONE,female_P3,54.0,19,1,1,0,1
111,0,1,male,0,47.0,Middle,0,0,1,Solo,1,52.0,3.970291913552122,52.0,Q4,S,Mr,C,1,NONE,male_P1,47.0,30,0,0,0,0
112,0,3,female,1,14.5,Teen,1,0,2,Small,0,14.4542,2.737880811060884,7.2271,Q2,C,Miss,U,0,NONE,female_P3,43.5,20,1,0,0,1
113,0,3,male,0,22.0,Young,0,0,1,Solo,1,8.05,2.2027647577118348,8.05,Q2,S,Mr,U,0,NONE,male_P3,66.0,22,0,0,0,1
114,0,3,female,1,20.0,Young,1,0,2,Small,0,9.825,2.3818582738885534,4.9125,Q2,S,Miss,U,0,NONE,female_P3,60.0,23,1,0,0,1
115,0,3,female,1,17.0,Teen,0,0,1,Solo,1,14.4583,2.738146075922933,14.4583,Q3,C,Miss,U,0,NONE,female_P3,51.0,21,1,0,0,1
116,0,3,male,0,21.0,Young,0,0,1,Solo,1,7.925,2.188856327665703,7.925,Q2,S,Mr,U,0,STONO,male_P3,63.0,21,0,0,0,1
117,0,3,male,0,70.5,Elder,0,0,1,Solo,1,7.75,2.169053700369523,7.75,Q1,Q,Mr,U,0,NONE,male_P3,211.5,20,0,0,0,1
118,0,2,male,0,29.0,Young,1,0,2,Small,0,21.0,3.091042453358316,10.5,Q3,S,Mr,U,0,NONE,male_P2,58.0,31,0,0,0,1
119,0,1,male,0,24.0,Young,0,1,2,Small,0,247.5208,5.515526544247129,123.7604,Q4,C,Mr,B,1,PC,male_P1,24.0,24,0,0,0,0
120,0,3,female,1,2.0,Child,4,2,7,Large,0,31.275,3.4742929367327062,4.4678571428571425,Q4,S,Miss,U,0,NONE,female_P3,6.0,33,1,0,0,1
121,0,2,male,0,21.0,Young,2,0,3,Small,0,73.5,4.310799125385514,24.5,Q4,S,Mr,U,0,OTHER,male_P2,42.0,27,0,0,0,1
122,0,3,male,0,26.0,Young,0,0,1,Solo,1,8.05,2.2027647577118348,8.05,Q2,S,Mr,U,0,A,male_P3,78.0,26,0,1,0,1
123,0,2,male,0,32.5,Young,1,0,2,Small,0,30.0708,3.436268471383741,15.0354,Q3,C,Mr,U,0,NONE,male_P2,65.0,20,0,0,0,1
124,1,2,female,1,32.5,Young,0,0,1,Solo,1,13.0,2.6390573296152584,13.0,Q2,S,Miss,E,1,NONE,female_P2,65.0,19,1,0,0,0
125,0,1,male,0,54.0,Senior,0,1,2,Small,0,77.2875,4.360387947851531,38.64375,Q4,S,Mr,D,1,NONE,male_P1,54.0,27,0,0,0,0
126,1,3,male,0,12.0,Child,1,0,2,Small,0,11.2417,2.5048481563289,5.62085,Q2,C,Master,U,0,NONE,male_P3,36.0,28,1,0,0,1
127,0,3,male,0,26.0,Young,0,0,1,Solo,1,7.75,2.169053700369523,7.75,Q1,Q,Mr,U,0,NONE,male_P3,78.0,19,0,1,0,1
128,1,3,male,0,24.0,Young,0,0,1,Solo,1,7.1417,2.0969990034181696,7.1417,Q1,S,Mr,U,0,OTHER,male_P3,72.0,25,0,0,0,1
129,1,3,female,1,18.0,Teen,1,1,3,Small,0,22.3583,3.1509523813392697,7.452766666666666,Q3,C,Miss,F,1,NONE,female_P3,54.0,17,1,1,0,0
130,0,3,male,0,45.0,Middle,0,0,1,Solo,1,6.975,2.076311648670908,6.975,Q1,S,Mr,U,0,NONE,male_P3,135.0,18,0,0,0,1
131,0,3,male,0,33.0,Young,0,0,1,Solo,1,7.8958,2.1855792552411137,7.8958,Q1,C,Mr,U,0,NONE,male_P3,99.0,20,0,0,0,1
132,0,3,male,0,20.0,Young,0,0,1,Solo,1,7.05,2.085672091430472,7.05,Q1,S,Mr,U,0,SOTONOQ,male_P3,60.0,30,0,0,0,1
133,0,3,female,1,47.0,Middle,1,0,2,Small,0,14.5,2.740840023925201,7.25,Q3,S,Mrs,U,0,A,female_P3,141.0,46,1,0,0,1
134,1,2,female,1,29.0,Young,1,0,2,Small,0,26.0,3.295836866004329,13.0,Q3,S,Mrs,U,0,NONE,female_P2,58.0,45,1,0,0,1
135,0,2,male,0,25.0,Young,0,0,1,Solo,1,13.0,2.6390573296152584,13.0,Q2,S,Mr,U,0,CA,male_P2,50.0,30,0,0,0,1
136,0,2,male,0,23.0,Young,0,0,1,Solo,1,15.0458,2.775447133088262,15.0458,Q3,C,Mr,U,0,SCPARIS,male_P2,46.0,18,0,0,0,1
137,1,1,female,1,19.0,Young,0,2,3,Small,0,26.2833,3.3062747934011893,8.7611,Q3,S,Miss,D,1,NONE,female_P1,19.0,28,1,0,0,0
138,0,1,male,0,37.0,Middle,1,0,2,Small,0,53.1,3.9908341858524357,26.55,Q4,S,Mr,C,1,NONE,male_P1,37.0,27,0,0,0,0
139,0,3,male,0,16.0,Teen,0,0,1,Solo,1,9.2167,2.3240236363515288,9.2167,Q2,S,Mr,U,0,NONE,male_P3,48.0,19,0,0,0,1
140,0,1,male,0,24.0,Young,0,0,1,Solo,1,79.2,4.384523514872469,79.2,Q4,C,Mr,B,1,PC,male_P1,24.0,18,0,0,0,0
141,0,3,female,1,31.0,Young,0,2,3,Small,0,15.2458,2.7878344138303452,5.081933333333333,Q3,C,Mrs,U,0,NONE,female_P3,93.0,29,1,1,0,1
142,1,3,female,1,22.0,Young,0,0,1,Solo,1,7.75,2.169053700369523,7.75,Q1,S,Miss,U,0,NONE,female_P3,66.0,24,1,0,0,1
143,1,3,female,1,24.0,Young,1,0,2,Small,0,15.85,2.8243506567983707,7.925,Q3,S,Mrs,U,0,STONO,female_P3,72.0,52,1,0,0,1
144,0,3,male,0,19.0,Young,0,0,1,Solo,1,6.75,2.0476928433652555,6.75,Q1,Q,Mr,U,0,NONE,male_P3,57.0,19,0,0,0,1
145,0,2,male,0,18.0,Teen,0,0,1,Solo,1,11.5,2.5257286443082556,11.5,Q2,S,Mr,U,0,NONE,male_P2,36.0,26,0,0,0,1
146,0,2,male,0,19.0,Young,1,1,3,Small,0,36.75,3.6309854756950335,12.25,Q4,S,Mr,U,0,CA,male_P2,38.0,28,0,0,0,1
147,1,3,male,0,27.0,Young,0,0,1,Solo,1,7.7958,2.174274334826008,7.7958,Q1,S,Mr,U,0,NONE,male_P3,81.0,44,0,0,0,1
148,0,3,female,1,9.0,Child,2,2,5,Medium,0,34.375,3.5660053559634015,6.875,Q4,S,Miss,U,0,WC,female_P3,27.0,32,1,0,0,1
149,0,2,male,0,36.5,Middle,0,2,3,Small,0,26.0,3.295836866004329,8.666666666666666,Q3,S,Mr,F,1,NONE,male_P2,73.0,40,0,0,0,0
150,0,2,male,0,42.0,Middle,0,0,1,Solo,1,13.0,2.6390573296152584,13.0,Q2,S,Rare,U,0,NONE,male_P2,84.0,33,0,0,0,1
151,0,2,male,0,51.0,Senior,0,0,1,Solo,1,12.525,2.6045398247325453,12.525,Q2,S,Rare,U,0,OTHER,male_P2,102.0,26,0,0,0,1
152,1,1,female,1,22.0,Young,1,0,2,Small,0,66.6,4.213607983048918,33.3,Q4,S,Mrs,C,1,NONE,female_P1,22.0,33,1,0,0,0
153,0,3,male,0,55.5,Senior,0,0,1,Solo,1,8.05,2.2027647577118348,8.05,Q2,S,Mr,U,0,A,male_P3,166.5,16,0,0,0,1
154,0,3,male,0,40.5,Middle,0,2,3,Small,0,14.5,2.740840023925201,4.833333333333333,Q3,S,Mr,U,0,A,male_P3,121.5,31,0,0,0,1
155,0,3,male,0,26.0,Young,0,0,1,Solo,1,7.3125,2.1177604059819726,7.3125,Q1,S,Mr,U,0,OTHER,male_P3,78.0,21,0,1,0,1
156,0,1,male,0,51.0,Senior,0,1,2,Small,0,61.3792,4.133231886474144,30.6896,Q4,C,Mr,U,0,PC,male_P1,51.0,27,0,0,0,1
157,1,3,female,1,16.0,Teen,0,0,1,Solo,1,7.7333,2.167143305297764,7.7333,Q1,Q,Miss,U,0,NONE,female_P3,48.0,32,1,0,0,1
158,0,3,male,0,30.0,Young,0,0,1,Solo,1,8.05,2.2027647577118348,8.05,Q2,S,Mr,U,0,SOTONOQ,male_P3,90.0,15,0,0,0,1
159,0,3,male,0,26.0,Young,0,0,1,Solo,1,8.6625,2.2682524139135403,8.6625,Q2,S,Mr,U,0,NONE,male_P3,78.0,19,0,1,0,1
160,0,3,male,0,4.0,Child,8,2,11,Large,0,69.55,4.256321678298823,6.322727272727272,Q4,S,Master,U,0,CA,male_P3,12.0,26,1,1,0,1
161,0,3,male,0,44.0,Middle,0,1,2,Small,0,16.1,2.8390784635086144,8.05,Q3,S,Mr,U,0,NONE,male_P3,132.0,24,0,0,0,1
162,1,2,female,1,40.0,Middle,0,0,1,Solo,1,15.75,2.8183982582710754,15.75,Q3,S,Mrs,U,0,CA,female_P2,80.0,50,1,0,0,1
163,0,3,male,0,26.0,Young,0,0,1,Solo,1,7.775,2.1719067693519296,7.775,Q1,S,Mr,U,0,NONE,male_P3,78.0,26,0,0,0,1
164,0,3,male,0,17.0,Teen,0,0,1,Solo,1,8.6625,2.2682524139135403,8.6625,Q2,S,Mr,U,0,NONE,male_P3,51.0,15,0,0,0,1
165,0,3,male,0,1.0,Child,4,1,6,Medium,0,39.6875,3.705920919968788,6.614583333333333,Q4,S,Master,U,0,NONE,male_P3,3.0,28,1,0,0,1
166,1,3,male,0,9.0,Child,0,2,3,Small,0,20.525,3.0692150503137943,6.841666666666666,Q3,S,Master,U,0,NONE,male_P3,27.0,47,1,0,0,1
167,1,1,female,1,40.0,Middle,0,1,2,Small,0,55.0,4.02535169073515,27.5,Q4,S,Mrs,E,1,NONE,female_P1,40.0,38,1,1,0,0
168,0,3,female,1,45.0,Middle,1,4,6,Medium,0,27.9,3.3638415951183864,4.6499999999999995,Q3,S,Mrs,U,0,NONE,female_P3,135.0,47,1,0,0,1
169,0,1,male,0,40.0,Middle,0,0,1,Solo,1,25.925,3.2930552230424524,25.925,Q3,S,Mr,U,0,PC,male_P1,40.0,19,0,1,0,1
170,0,3,male,0,28.0,Young,0,0,1,Solo,1,56.4958,4.05171190165724,56.4958,Q4,S,Mr,U,0,NONE,male_P3,84.0,13,0,0,0,1
171,0,1,male,0,61.0,Senior,0,0,1,Solo,1,33.5,3.5409593240373143,33.5,Q4,S,Mr,B,1,NONE,male_P1,61.0,25,0,0,0,0
172,0,3,male,0,4.0,Child,4,1,6,Medium,0,29.125,3.405355391810819,4.854166666666667,Q3,Q,Master,U,0,NONE,male_P3,12.0,20,1,0,0,1
173,1,3,female,1,1.0,Child,1,1,3,Small,0,11.1333,2.495953738718064,3.7111,Q2,S,Miss,U,0,NONE,female_P3,3.0,28,1,0,0,1
174,0,3,male,0,21.0,Young,0,0,1,Solo,1,7.925,2.188856327665703,7.925,Q2,S,Mr,U,0,STONO,male_P3,63.0,25,0,0,0,1
175,0,1,male,0,56.0,Senior,0,0,1,Solo,1,30.6958,3.4561841799918147,30.6958,Q3,C,Mr,A,1,NONE,male_P1,56.0,23,0,0,0,0
176,0,3,male,0,18.0,Teen,1,1,3,Small,0,7.8542,2.180891922715322,2.6180666666666665,Q1,S,Mr,U,0,NONE,male_P3,54.0,22,0,0,0,1
177,0,3,male,0,4.0,Child,3,1,5,Medium,0,25.4667,3.275887339030031,5.0933399999999995,Q3,S,Master,U,0,NONE,male_P3,12.0,29,1,1,0,1
178,0,1,female,1,50.0,Middle,0,0,1,Solo,1,28.7125,3.391567832686312,28.7125,Q3,C,Miss,C,1,PC,female_P1,50.0,26,1,0,0,0
179,0,2,male,0,30.0,Young,0,0,1,Solo,1,13.0,2.6390573296152584,13.0,Q2,S,Mr,U,0,NONE,male_P2,60.0,18,0,0,0,1
180,0,3,male,0,36.0,Middle,0,0,1,Solo,1,0.0,0.0,0.0,Q1,S,Mr,U,0,OTHER,male_P3,108.0,19,0,0,0,1
181,0,3,female,1,18.0,Teen,8,2,11,Large,0,69.55,4.256321678298823,6.322727272727272,Q4,S,Miss,U,0,CA,female_P3,54.0,28,1,1,0,1
182,0,2,male,0,31.0,Young,0,0,1,Solo,1,15.05,2.775708849576025,15.05,Q3,C,Mr,U,0,SCPARIS,male_P2,62.0,16,0,1,0,1
183,0,3,male,0,9.0,Child,4,2,7,Large,0,31.3875,3.4777725458882283,4.483928571428572,Q4,S,Master,U,0,NONE,male_P3,27.0,37,1,0,0,1
184,1,2,male,0,1.0,Child,2,1,4,Small,0,39.0,3.6888794541139363,9.75,Q4,S,Master,F,1,NONE,male_P2,2.0,25,1,0,0,0
185,1,3,female,1,4.0,Child,0,2,3,Small,0,22.025,3.1365805821413706,7.341666666666666,Q3,S,Miss,U,0,NONE,female_P3,12.0,35,1,0,0,1
186,0,1,male,0,40.0,Middle,0,0,1,Solo,1,50.0,3.9318256327243257,50.0,Q4,S,Mr,A,1,NONE,male_P1,40.0,21,0,1,0,0
187,1,3,female,1,31.0,Young,1,0,2,Small,0,15.5,2.803360380906535,7.75,Q3,Q,Mrs,U,0,NONE,female_P3,93.0,47,1,1,0,1
188,1,1,male,0,45.0,Middle,0,0,1,Solo,1,26.55,3.3160025355989236,26.55,Q3,S,Mr,U,0,NONE,male_P1,45.0,45,0,0,0,1
189,0,3,male,0,40.0,Middle,1,1,3,Small,0,15.5,2.803360380906535,5.166666666666667,Q3,Q,Mr,U,0,NONE,male_P3,120.0,16,0,0,0,1
190,0,3,male,0,36.0,Middle,0,0,1,Solo,1,7.8958,2.1855792552411137,7.8958,Q1,S,Mr,U,0,NONE,male_P3,108.0,19,0,0,0,1
191,1,2,female,1,32.0,Young,0,0,1,Solo,1,13.0,2.6390573296152584,13.0,Q2,S,Mrs,U,0,NONE,female_P2,64.0,19,1,0,0,1
192,0,2,male,0,19.0,Young,0,0,1,Solo,1,13.0,2.6390573296152584,13.0,Q2,S,Mr,U,0,NONE,male_P2,38.0,21,0,0,0,1
193,1,3,female,1,19.0,Young,1,0,2,Small,0,7.8542,2.180891922715322,3.9271,Q1,S,Miss,U,0,NONE,female_P3,57.0,47,1,0,0,1
194,1,2,male,0,3.0,Child,1,1,3,Small,0,26.0,3.295836866004329,8.666666666666666,Q3,S,Master,F,1,NONE,male_P2,6.0,26,1,0,0,0
195,1,1,female,1,44.0,Middle,0,0,1,Solo,1,27.7208,3.357621598945279,27.7208,Q3,C,Mrs,B,1,PC,female_P1,44.0,41,1,0,0,0
196,1,1,female,1,58.0,Senior,0,0,1,Solo,1,146.5208,4.993969182787072,146.5208,Q4,C,Miss,B,1,PC,female_P1,58.0,20,1,0,0,0
197,0,3,male,0,26.0,Young,0,0,1,Solo,1,7.75,2.169053700369523,7.75,Q1,Q,Mr,U,0,NONE,male_P3,78.0,19,0,1,0,1
198,0,3,male,0,42.0,Middle,0,1,2,Small,0,8.4042,2.2411563979973974,4.2021,Q2,S,Mr,U,0,NONE,male_P3,126.0,32,0,0,0,1
199,1,3,female,1,18.0,Teen,0,0,1,Solo,1,7.75,2.169053700369523,7.75,Q1,Q,Miss,U,0,NONE,female_P3,54.0,32,1,1,0,1
200,0,2,female,1,24.0,Young,0,0,1,Solo,1,13.0,2.6390573296152584,13.0,Q2,S,Miss,U,0,NONE,female_P2,48.0,38,1,0,0,1
201,0,3,male,0,28.0,Young,0,0,1,Solo,1,9.5,2.3513752571634776,9.5,Q2,S,Mr,U,0,NONE,male_P3,84.0,30,0,0,0,1
202,0,3,male,0,26.0,Young,8,2,11,Large,0,69.55,4.256321678298823,6.322727272727272,Q4,S,Mr,U,0,CA,male_P3,78.0,19,0,1,0,1
203,0,3,male,0,34.0,Young,0,0,1,Solo,1,6.4958,2.0143428636837015,6.4958,Q1,S,Mr,U,0,NONE,male_P3,102.0,26,0,0,0,1
204,0,3,male,0,45.5,Middle,0,0,1,Solo,1,7.225,2.1071782966514356,7.225,Q1,C,Mr,U,0,NONE,male_P3,136.5,20,0,0,0,1
205,1,3,male,0,18.0,Teen,0,0,1,Solo,1,8.05,2.2027647577118348,8.05,Q2,S,Mr,U,0,A,male_P3,54.0,24,0,0,0,1
206,0,3,female,1,2.0,Child,0,1,2,Small,0,10.4625,2.4390808375825834,5.23125,Q2,S,Miss,G,1,NONE,female_P3,6.0,26,1,0,0,0
207,0,3,male,0,32.0,Young,1,0,2,Small,0,15.85,2.8243506567983707,7.925,Q3,S,Mr,U,0,NONE,male_P3,96.0,26,0,0,0,1
208,1,3,male,0,26.0,Young,0,0,1,Solo,1,18.7875,2.9850504252071306,18.7875,Q3,C,Mr,U,0,NONE,male_P3,78.0,27,0,0,0,1
209,1,3,female,1,16.0,Teen,0,0,1,Solo,1,7.75,2.169053700369523,7.75,Q1,Q,Miss,U,0,NONE,female_P3,48.0,25,1,0,0,1
210,1,1,male,0,40.0,Middle,0,0,1,Solo,1,31.0,3.4657359027997265,31.0,Q3,C,Mr,A,1,NONE,male_P1,40.0,16,0,0,0,0
211,0,3,male,0,24.0,Young,0,0,1,Solo,1,7.05,2.085672091430472,7.05,Q1,S,Mr,U,0,SOTONOQ,male_P3,72.0,14,0,0,0,1
212,1,2,female,1,35.0,Young,0,0,1,Solo,1,21.0,3.091042453358316,21.0,Q3,S,Miss,U,0,OTHER,female_P2,70.0,26,1,0,0,1
213,0,3,male,0,22.0,Young,0,0,1,Solo,1,7.25,2.1102132003465894,7.25,Q1,S,Mr,U,0,A,male_P3,66.0,22,0,0,0,1
214,0,2,male,0,30.0,Young,0,0,1,Solo,1,13.0,2.6390573296152584,13.0,Q2,S,Mr,U,0,NONE,male_P2,60.0,27,0,0,0,1
215,0,3,male,0,26.0,Young,1,0,2,Small,0,7.75,2.169053700369523,3.875,Q1,Q,Mr,U,0,NONE,male_P3,78.0,19,0,1,0,1
216,1,1,female,1,31.0,Young,1,0,2,Small,0,113.275,4.738607824217808,56.6375,Q4,C,Miss,D,1,NONE,female_P1,31.0,23,1,0,0,0
217,1,3,female,1,27.0,Young,0,0,1,Solo,1,7.925,2.188856327665703,7.925,Q2,S,Miss,U,0,STONO,female_P3,81.0,22,1,0,0,1
218,0,2,male,0,42.0,Middle,1,0,2,Small,0,27.0,3.332204510175204,13.5,Q3,S,Mr,U,0,NONE,male_P2,84.0,28,0,0,0,1
219,1,1,female,1,32.0,Young,0,0,1,Solo,1,76.2917,4.347586575960343,76.2917,Q4,C,Miss,D,1,NONE,female_P1,32.0,21,1,0,0,0
220,0,2,male,0,30.0,Young,0,0,1,Solo,1,10.5,2.4423470353692043,10.5,Q2,S,Mr,U,0,WC,male_P2,60.0,18,0,0,0,1
221,1,3,male,0,16.0,Teen,0,0,1,Solo,1,8.05,2.2027647577118348,8.05,Q2,S,Mr,U,0,SOTONOQ,male_P3,48.0,30,0,0,0,1
222,0,2,male,0,27.0,Young,0,0,1,Solo,1,13.0,2.6390573296152584,13.0,Q2,S,Mr,U,0,NONE,male_P2,54.0,20,0,0,0,1
223,0,3,male,0,51.0,Senior,0,0,1,Solo,1,8.05,2.2027647577118348,8.05,Q2,S,Mr,U,0,NONE,male_P3,153.0,23,0,0,0,1
224,0,3,male,0,26.0,Young,0,0,1,Solo,1,7.8958,2.1855792552411137,7.8958,Q1,S,Mr,U,0,NONE,male_P3,78.0,20,0,1,0,1
225,1,1,male,0,38.0,Middle,1,0,2,Small,0,90.0,4.51085950651685,45.0,Q4,S,Mr,C,1,NONE,male_P1,38.0,28,0,0,0,0
226,0,3,male,0,22.0,Young,0,0,1,Solo,1,9.35,2.336986519711378,9.35,Q2,S,Mr,U,0,OTHER,male_P3,66.0,28,0,0,0,1
227,1,2,male,0,19.0,Young,0,0,1,Solo,1,10.5,2.4423470353692043,10.5,Q2,S,Mr,U,0,OTHER,male_P2,38.0,25,0,0,0,1
228,0,3,male,0,20.5,Young,0,0,1,Solo,1,7.25,2.1102132003465894,7.25,Q1,S,Mr,U,0,A,male_P3,61.5,31,0,0,0,1
229,0,2,male,0,18.0,Teen,0,0,1,Solo,1,13.0,2.6390573296152584,13.0,Q2,S,Mr,U,0,NONE,male_P2,36.0,25,0,0,0,1
230,0,3,female,1,18.0,Teen,3,1,5,Medium,0,25.4667,3.275887339030031,5.0933399999999995,Q3,S,Miss,U,0,NONE,female_P3,54.0,23,1,1,0,1
231,1,1,female,1,35.0,Young,1,0,2,Small,0,83.475,4.436455632600354,41.7375,Q4,S,Mrs,C,1,NONE,female_P1,35.0,44,1,0,0,0
232,0,3,male,0,29.0,Young,0,0,1,Solo,1,7.775,2.1719067693519296,7.775,Q1,S,Mr,U,0,NONE,male_P3,87.0,24,0,0,0,1
233,0,2,male,0,59.0,Senior,0,0,1,Solo,1,13.5,2.6741486494265287,13.5,Q2,S,Mr,U,0,NONE,male_P2,118.0,25,0,0,0,1
234,1,3,female,1,5.0,Child,4,2,7,Large,0,31.3875,3.4777725458882283,4.483928571428572,Q4,S,Miss,U,0,NONE,female_P3,15.0,30,1,0,0,1
235,0,2,male,0,24.0,Young,0,0,1,Solo,1,10.5,2.4423470353692043,10.5,Q2,S,Mr,U,0,CA,male_P2,48.0,33,0,0,0,1
236,0,3,female,1,18.0,Teen,0,0,1,Solo,1,7.55,2.145931282948669,7.55,Q1,S,Miss,U,0,WC,female_P3,54.0,28,1,1,0,1
237,0,2,male,0,44.0,Middle,1,0,2,Small,0,26.0,3.295836866004329,13.0,Q3,S,Mr,U,0,NONE,male_P2,88.0,17,0,0,0,1
238,1,2,female,1,8.0,Child,0,2,3,Small,0,26.25,3.305053521109253,8.75,Q3,S,Miss,U,0,CA,female_P2,16.0,32,1,0,0,1
239,0,2,male,0,19.0,Young,0,0,1,Solo,1,10.5,2.4423470353692043,10.5,Q2,S,Mr,U,0,NONE,male_P2,38.0,31,0,0,0,1
240,0,2,male,0,33.0,Young,0,0,1,Solo,1,12.275,2.5858825671280026,12.275,Q2,S,Mr,U,0,OTHER,male_P2,66.0,22,0,0,0,1
241,0,3,female,1,18.0,Teen,1,0,2,Small,0,14.4542,2.737880811060884,7.2271,Q2,C,Miss,U,0,NONE,female_P3,54.0,21,1,1,0,1
242,1,3,female,1,18.0,Teen,1,0,2,Small,0,15.5,2.803360380906535,7.75,Q3,Q,Miss,U,0,NONE,female_P3,54.0,30,1,1,0,1
243,0,2,male,0,29.0,Young,0,0,1,Solo,1,10.5,2.4423470353692043,10.5,Q2,S,Mr,U,0,WC,male_P2,58.0,31,0,0,0,1
244,0,3,male,0,22.0,Young,0,0,1,Solo,1,7.125,2.094945728215801,7.125,Q1,S,Mr,U,0,STONO,male_P3,66.0,29,0,0,0,1
245,0,3,male,0,30.0,Young,0,0,1,Solo,1,7.225,2.1071782966514356,7.225,Q1,C,Mr,U,0,NONE,male_P3,90.0,20,0,0,0,1
246,0,1,male,0,44.0,Middle,2,0,3,Small,0,90.0,4.51085950651685,30.0,Q4,Q,Rare,C,1,NONE,male_P1,44.0,27,0,0,0,0
247,0,3,female,1,25.0,Young,0,0,1,Solo,1,7.775,2.1719067693519296,7.775,Q1,S,Miss,U,0,NONE,female_P3,75.0,37,1,0,0,1
248,1,2,female,1,24.0,Young,0,2,3,Small,0,14.5,2.740840023925201,4.833333333333333,Q3,S,Mrs,U,0,NONE,female_P2,48.0,31,1,0,0,1
249,1,1,male,0,37.0,Middle,1,1,3,Small,0,52.5542,3.9806942251907276,17.518066666666666,Q4,S,Mr,D,1,NONE,male_P1,37.0,29,0,0,0,0
250,0,2,male,0,54.0,Senior,1,0,2,Small,0,26.0,3.295836866004329,13.0,Q3,S,Rare,U,0,NONE,male_P2,108.0,29,0,0,0,1
251,0,3,male,0,26.0,Young,0,0,1,Solo,1,7.25,2.1102132003465894,7.25,Q1,S,Mr,U,0,NONE,male_P3,78.0,22,0,1,0,1
252,0,3,female,1,29.0,Young,1,1,3,Small,0,10.4625,2.4390808375825834,3.4875000000000003,Q2,S,Mrs,G,1,NONE,female_P3,87.0,42,1,0,0,0
253,0,1,male,0,62.0,Senior,0,0,1,Solo,1,26.55,3.3160025355989236,26.55,Q3,S,Mr,C,1,NONE,male_P1,62.0,25,0,0,0,0
254,0,3,male,0,30.0,Young,1,0,2,Small,0,16.1,2.8390784635086144,8.05,Q3,S,Mr,U,0,A,male_P3,90.0,24,0,0,0,1
255,0,3,female,1,41.0,Middle,0,2,3,Small,0,20.2125,3.0545906305603445,6.7375,Q3,S,Mrs,U,0,NONE,female_P3,123.0,40,1,0,0,1
256,1,3,female,1,29.0,Young,0,2,3,Small,0,15.2458,2.7878344138303452,5.081933333333333,Q3,C,Mrs,U,0,NONE,female_P3,87.0,39,1,0,0,1
257,1,1,female,1,40.0,Middle,0,0,1,Solo,1,79.2,4.384523514872469,79.2,Q4,C,Mrs,U,0,PC,female_P1,40.0,30,1,1,0,1
258,1,1,female,1,30.0,Young,0,0,1,Solo,1,86.5,4.471638793363569,86.5,Q4,S,Miss,B,1,NONE,female_P1,30.0,20,1,0,0,0
259,1,1,female,1,35.0,Young,0,0,1,Solo,1,512.3292,6.240917354759096,512.3292,Q4,C,Miss,U,0,PC,female_P1,35.0,16,1,0,0,1
260,1,2,female,1,50.0,Middle,0,1,2,Small,0,26.0,3.295836866004329,13.0,Q3,S,Mrs,U,0,NONE,female_P2,100.0,27,1,0,0,1
261,0,3,male,0,26.0,Young,0,0,1,Solo,1,7.75,2.169053700369523,7.75,Q1,Q,Mr,U,0,NONE,male_P3,78.0,17,0,1,0,1
262,1,3,male,0,3.0,Child,4,2,7,Large,0,31.3875,3.4777725458882283,4.483928571428572,Q4,S,Master,U,0,NONE,male_P3,9.0,33,1,0,0,1
263,0,1,male,0,52.0,Senior,1,1,3,Small,0,79.65,4.390118804571218,26.55,Q4,S,Mr,E,1,NONE,male_P1,52.0,17,0,0,0,0
264,0,1,male,0,40.0,Middle,0,0,1,Solo,1,0.0,0.0,0.0,Q1,S,Mr,B,1,NONE,male_P1,40.0,21,0,0,0,0
265,0,3,female,1,18.0,Teen,0,0,1,Solo,1,7.75,2.169053700369523,7.75,Q1,Q,Miss,U,0,NONE,female_P3,54.0,18,1,1,0,1
266,0,2,male,0,36.0,Middle,0,0,1,Solo,1,10.5,2.4423470353692043,10.5,Q2,S,Mr,U,0,CA,male_P2,72.0,17,0,0,0,1
267,0,3,male,0,16.0,Teen,4,1,6,Medium,0,39.6875,3.705920919968788,6.614583333333333,Q4,S,Mr,U,0,NONE,male_P3,48.0,25,0,0,0,1
268,1,3,male,0,25.0,Young,1,0,2,Small,0,7.775,2.1719067693519296,3.8875,Q1,S,Mr,U,0,NONE,male_P3,75.0,24,0,0,0,1
269,1,1,female,1,58.0,Senior,0,1,2,Small,0,153.4625,5.039951348430309,76.73125,Q4,S,Mrs,C,1,PC,female_P1,58.0,45,1,0,0,0
270,1,1,female,1,35.0,Young,0,0,1,Solo,1,135.6333,4.91730069488021,135.6333,Q4,S,Miss,C,1,PC,female_P1,35.0,22,1,0,0,0
271,0,1,male,0,40.0,Middle,0,0,1,Solo,1,31.0,3.4657359027997265,31.0,Q3,S,Mr,U,0,NONE,male_P1,40.0,21,0,1,0,1
272,1,3,male,0,25.0,Young,0,0,1,Solo,1,0.0,0.0,0.0,Q1,S,Mr,U,0,OTHER,male_P3,75.0,28,0,0,0,1
273,1,2,female,1,41.0,Middle,0,1,2,Small,0,19.5,3.0204248861443626,9.75,Q3,S,Mrs,U,0,NONE,female_P2,82.0,41,1,0,0,1
274,0,1,male,0,37.0,Middle,0,1,2,Small,0,29.7,3.4242626545931514,14.85,Q3,C,Mr,C,1,PC,male_P1,37.0,21,0,0,0,0
275,1,3,female,1,18.0,Teen,0,0,1,Solo,1,7.75,2.169053700369523,7.75,Q1,Q,Miss,U,0,NONE,female_P3,54.0,26,1,1,0,1
276,1,1,female,1,63.0,Senior,1,0,2,Small,0,77.9583,4.368919865004903,38.97915,Q4,S,Miss,D,1,NONE,female_P1,63.0,33,1,0,0,0
277,0,3,female,1,45.0,Middle,0,0,1,Solo,1,7.75,2.169053700369523,7.75,Q1,S,Miss,U,0,NONE,female_P3,135.0,33,1,0,0,1
278,0,2,male,0,31.0,Young,0,0,1,Solo,1,0.0,0.0,0.0,Q1,S,Mr,U,0,NONE,male_P2,62.0,27,0,1,0,1
279,0,3,male,0,7.0,Child,4,1,6,Medium,0,29.125,3.405355391810819,4.854166666666667,Q3,Q,Master,U,0,NONE,male_P3,21.0,18,1,0,0,1
280,1,3,female,1,35.0,Young,1,1,3,Small,0,20.25,3.056356895370426,6.75,Q3,S,Mrs,U,0,CA,female_P3,105.0,32,1,0,0,1
281,0,3,male,0,65.0,Senior,0,0,1,Solo,1,7.75,2.169053700369523,7.75,Q1,Q,Mr,U,0,NONE,male_P3,195.0,16,0,0,0,1
282,0,3,male,0,28.0,Young,0,0,1,Solo,1,7.8542,2.180891922715322,7.8542,Q1,S,Mr,U,0,NONE,male_P3,84.0,32,0,0,0,1
283,0,3,male,0,16.0,Teen,0,0,1,Solo,1,9.5,2.3513752571634776,9.5,Q2,S,Mr,U,0,NONE,male_P3,48.0,25,0,0,0,1
284,1,3,male,0,19.0,Young,0,0,1,Solo,1,8.05,2.2027647577118348,8.05,Q2,S,Mr,U,0,A,male_P3,57.0,26,0,0,0,1
285,0,1,male,0,40.0,Middle,0,0,1,Solo,1,26.0,3.295836866004329,26.0,Q3,S,Mr,A,1,NONE,male_P1,40.0,26,0,1,0,0
286,0,3,male,0,33.0,Young,0,0,1,Solo,1,8.6625,2.2682524139135403,8.6625,Q2,C,Mr,U,0,NONE,male_P3,99.0,19,0,0,0,1
287,1,3,male,0,30.0,Young,0,0,1,Solo,1,9.5,2.3513752571634776,9.5,Q2,S,Mr,U,0,NONE,male_P3,90.0,23,0,0,0,1
288,0,3,male,0,22.0,Young,0,0,1,Solo,1,7.8958,2.1855792552411137,7.8958,Q1,S,Mr,U,0,NONE,male_P3,66.0,20,0,0,0,1
289,1,2,male,0,42.0,Middle,0,0,1,Solo,1,13.0,2.6390573296152584,13.0,Q2,S,Mr,U,0,NONE,male_P2,84.0,20,0,0,0,1
290,1,3,female,1,22.0,Young,0,0,1,Solo,1,7.75,2.169053700369523,7.75,Q1,Q,Miss,U,0,NONE,female_P3,66.0,20,1,0,0,1
291,1,1,female,1,26.0,Young,0,0,1,Solo,1,78.85,4.380149874661021,78.85,Q4,S,Miss,U,0,NONE,female_P1,26.0,28,1,0,0,1
292,1,1,female,1,19.0,Young,1,0,2,Small,0,91.0792,4.5226490762785785,45.5396,Q4,C,Mrs,B,1,NONE,female_P1,19.0,39,1,0,0,0
293,0,2,male,0,36.0,Middle,0,0,1,Solo,1,12.875,2.630088659632498,12.875,Q2,C,Mr,D,1,SCPARIS,male_P2,72.0,22,0,0,0,0
294,0,3,female,1,24.0,Young,0,0,1,Solo,1,8.85,2.2874714551839976,8.85,Q2,S,Miss,U,0,NONE,female_P3,72.0,19,1,0,0,1
295,0,3,male,0,24.0,Young,0,0,1,Solo,1,7.8958,2.1855792552411137,7.8958,Q1,S,Mr,U,0,NONE,male_P3,72.0,16,0,0,0,1
296,0,1,male,0,40.0,Middle,0,0,1,Solo,1,27.7208,3.357621598945279,27.7208,Q3,C,Mr,U,0,PC,male_P1,40.0,17,0,1,0,1
297,0,3,male,0,23.5,Young,0,0,1,Solo,1,7.2292,2.1076888046179385,7.2292,Q1,C,Mr,U,0,NONE,male_P3,70.5,18,0,0,0,1
298,0,1,female,1,2.0,Child,1,2,4,Small,0,151.55,5.027492411162679,37.8875,Q4,S,Miss,C,1,NONE,female_P1,2.0,28,1,0,0,0
299,1,1,male,0,40.0,Middle,0,0,1,Solo,1,30.5,3.449987545831587,30.5,Q3,S,Mr,C,1,NONE,male_P1,40.0,21,0,1,0,0
300,1,1,female,1,50.0,Middle,0,1,2,Small,0,247.5208,5.515526544247129,123.7604,Q4,C,Mrs,B,1,PC,female_P1,50.0,47,1,0,0,0
301,1,3,female,1,18.0,Teen,0,0,1,Solo,1,7.75,2.169053700369523,7.75,Q1,Q,Miss,U,0,NONE,female_P3,54.0,40,1,1,0,1
302,1,3,male,0,26.0,Young,2,0,3,Small,0,23.25,3.188416617383492,7.75,Q3,Q,Mr,U,0,NONE,male_P3,78.0,18,0,1,0,1
303,0,3,male,0,19.0,Young,0,0,1,Solo,1,0.0,0.0,0.0,Q1,S,Mr,U,0,OTHER,male_P3,57.0,31,0,0,0,1
304,1,2,female,1,24.0,Young,0,0,1,Solo,1,12.35,2.5915163848462583,12.35,Q2,Q,Miss,E,1,NONE,female_P2,48.0,19,1,1,0,0
305,0,3,male,0,26.0,Young,0,0,1,Solo,1,8.05,2.2027647577118348,8.05,Q2,S,Mr,U,0,A,male_P3,78.0,33,0,1,0,1
306,1,1,male,0,0.92,Child,1,2,4,Small,0,151.55,5.027492411162679,37.8875,Q4,S,Master,C,1,NONE,male_P1,0.92,30,1,0,0,0
307,1,1,female,1,30.0,Young,0,0,1,Solo,1,110.8833,4.717456363787216,110.8833,Q4,C,Miss,U,0,NONE,female_P1,30.0,23,1,1,0,1
308,1,1,female,1,17.0,Teen,1,0,2,Small,0,108.9,4.699570861409576,54.45,Q4,C,Mrs,C,1,PC,female_P1,17.0,82,1,0,0,0
309,0,2,male,0,30.0,Young,1,0,2,Small,0,24.0,3.2188758248682006,12.0,Q3,C,Mr,U,0,OTHER,male_P2,60.0,19,0,0,0,1
310,1,1,female,1,30.0,Young,0,0,1,Solo,1,56.9292,4.0592215752427645,56.9292,Q4,C,Miss,E,1,PC,female_P1,30.0,30,1,0,0,0
311,1,1,female,1,24.0,Young,0,0,1,Solo,1,83.1583,4.432699549165613,83.1583,Q4,C,Miss,C,1,NONE,female_P1,24.0,30,1,0,0,0
312,1,1,female,1,18.0,Teen,2,2,5,Medium,0,262.375,5.5735788721243535,52.475,Q4,C,Miss,B,1,PC,female_P1,18.0,26,1,0,0,0
313,0,2,female,1,26.0,Young,1,1,3,Small,0,26.0,3.295836866004329,8.666666666666666,Q3,S,Mrs,U,0,NONE,female_P2,52.0,37,1,0,0,1
314,0,3,male,0,28.0,Young,0,0,1,Solo,1,7.8958,2.1855792552411137,7.8958,Q1,S,Mr,U,0,NONE,male_P3,84.0,22,0,0,0,1
315,0,2,male,0,43.0,Middle,1,1,3,Small,0,26.25,3.305053521109253,8.75,Q3,S,Mr,U,0,OTHER,male_P2,86.0,18,0,0,0,1
316,1,3,female,1,26.0,Young,0,0,1,Solo,1,7.8542,2.180891922715322,7.8542,Q1,S,Miss,U,0,NONE,female_P3,78.0,31,1,0,0,1
317,1,2,female,1,24.0,Young,1,0,2,Small,0,26.0,3.295836866004329,13.0,Q3,S,Mrs,U,0,NONE,female_P2,48.0,35,1,0,0,1
318,0,2,male,0,54.0,Senior,0,0,1,Solo,1,14.0,2.70805020110221,14.0,Q2,S,Rare,U,0,NONE,male_P2,108.0,20,0,0,0,1
319,1,1,female,1,31.0,Young,0,2,3,Small,0,164.8667,5.11118445372147,54.95556666666667,Q4,S,Miss,C,1,NONE,female_P1,31.0,24,1,0,0,0
320,1,1,female,1,40.0,Middle,1,1,3,Small,0,134.5,4.908971640319756,44.833333333333336,Q4,C,Mrs,E,1,NONE,female_P1,40.0,56,1,0,0,0
321,0,3,male,0,22.0,Young,0,0,1,Solo,1,7.25,2.1102132003465894,7.25,Q1,S,Mr,U,0,A,male_P3,66.0,18,0,0,0,1
322,0,3,male,0,27.0,Young,0,0,1,Solo,1,7.8958,2.1855792552411137,7.8958,Q1,S,Mr,U,0,NONE,male_P3,81.0,16,0,0,0,1
323,1,2,female,1,30.0,Young,0,0,1,Solo,1,12.35,2.5915163848462583,12.35,Q2,Q,Miss,U,0,NONE,female_P2,60.0,25,1,0,0,1
324,1,2,female,1,22.0,Young,1,1,3,Small,0,29.0,3.4011973816621555,9.666666666666666,Q3,S,Mrs,U,0,NONE,female_P2,44.0,51,1,0,0,1
325,0,3,male,0,26.0,Young,8,2,11,Large,0,69.55,4.256321678298823,6.322727272727272,Q4,S,Mr,U,0,CA,male_P3,78.0,24,0,1,0,1
326,1,1,female,1,36.0,Middle,0,0,1,Solo,1,135.6333,4.91730069488021,135.6333,Q4,C,Miss,C,1,PC,female_P1,36.0,24,1,0,0,0
327,0,3,male,0,61.0,Senior,0,0,1,Solo,1,6.2375,1.9792758428991135,6.2375,Q1,S,Mr,U,0,NONE,male_P3,183.0,25,0,0,0,1
328,1,2,female,1,36.0,Middle,0,0,1,Solo,1,13.0,2.6390573296152584,13.0,Q2,S,Mrs,D,1,NONE,female_P2,72.0,23,1,0,0,0
329,1,3,female,1,31.0,Young,1,1,3,Small,0,20.525,3.0692150503137943,6.841666666666666,Q3,S,Mrs,U,0,NONE,female_P3,93.0,46,1,0,0,1
330,1,1,female,1,16.0,Teen,0,1,2,Small,0,57.9792,4.077184839375167,28.9896,Q4,C,Miss,B,1,NONE,female_P1,16.0,28,1,0,0,0
331,1,3,female,1,18.0,Teen,2,0,3,Small,0,23.25,3.188416617383492,7.75,Q3,Q,Miss,U,0,NONE,female_P3,54.0,18,1,1,0,1
332,0,1,male,0,45.5,Middle,0,0,1,Solo,1,28.5,3.3843902633457743,28.5,Q3,S,Mr,C,1,NONE,male_P1,45.5,19,0,0,0,0
333,0,1,male,0,38.0,Middle,0,1,2,Small,0,153.4625,5.039951348430309,76.73125,Q4,S,Mr,C,1,PC,male_P1,38.0,25,0,0,0,0
334,0,3,male,0,16.0,Teen,2,0,3,Small,0,18.0,2.9444389791664403,6.0,Q3,S,Mr,U,0,NONE,male_P3,48.0,31,0,0,0,1
335,1,1,female,1,40.0,Middle,1,0,2,Small,0,133.65,4.902678819257608,66.825,Q4,S,Mrs,U,0,PC,female_P1,40.0,50,1,1,0,1
336,0,3,male,0,26.0,Young,0,0,1,Solo,1,7.8958,2.1855792552411137,7.8958,Q1,S,Mr,U,0,NONE,male_P3,78.0,18,0,1,0,1
337,0,1,male,0,29.0,Young,1,0,2,Small,0,66.6,4.213607983048918,33.3,Q4,S,Mr,C,1,NONE,male_P1,29.0,25,0,0,0,0
338,1,1,female,1,41.0,Middle,0,0,1,Solo,1,134.5,4.908971640319756,134.5,Q4,C,Miss,E,1,NONE,female_P1,41.0,31,1,0,0,0
339,1,3,male,0,45.0,Middle,0,0,1,Solo,1,8.05,2.2027647577118348,8.05,Q2,S,Mr,U,0,NONE,male_P3,135.0,21,0,0,0,1
340,0,1,male,0,45.0,Middle,0,0,1,Solo,1,35.5,3.597312260588446,35.5,Q4,S,Mr,T,1,NONE,male_P1,45.0,28,0,0,0,0
341,1,2,male,0,2.0,Child,1,1,3,Small,0,26.0,3.295836866004329,8.666666666666666,Q3,S,Master,F,1,NONE,male_P2,4.0,30,1,0,0,0
342,1,1,female,1,24.0,Young,3,2,6,Medium,0,263.0,5.575949103146316,43.833333333333336,Q4,S,Miss,C,1,NONE,female_P1,24.0,30,1,0,0,0
343,0,2,male,0,28.0,Young,0,0,1,Solo,1,13.0,2.6390573296152584,13.0,Q2,S,Mr,U,0,NONE,male_P2,56.0,26,0,0,0,1
344,0,2,male,0,25.0,Young,0,0,1,Solo,1,13.0,2.6390573296152584,13.0,Q2,S,Mr,U,0,NONE,male_P2,50.0,42,0,0,0,1
345,0,2,male,0,36.0,Middle,0,0,1,Solo,1,13.0,2.6390573296152584,13.0,Q2,S,Mr,U,0,NONE,male_P2,72.0,23,0,0,0,1
346,1,2,female,1,24.0,Young,0,0,1,Solo,1,13.0,2.6390573296152584,13.0,Q2,S,Miss,F,1,NONE,female_P2,48.0,29,1,0,0,0
347,1,2,female,1,40.0,Middle,0,0,1,Solo,1,13.0,2.6390573296152584,13.0,Q2,S,Miss,U,0,NONE,female_P2,80.0,25,1,0,0,1
348,1,3,female,1,31.0,Young,1,0,2,Small,0,16.1,2.8390784635086144,8.05,Q3,S,Mrs,U,0,NONE,female_P3,93.0,41,1,1,0,1
349,1,3,male,0,3.0,Child,1,1,3,Small,0,15.9,2.827313621929028,5.3,Q3,S,Master,U,0,CA,male_P3,9.0,38,1,0,0,1
350,0,3,male,0,42.0,Middle,0,0,1,Solo,1,8.6625,2.2682524139135403,8.6625,Q2,S,Mr,U,0,NONE,male_P3,126.0,16,0,0,0,1
351,0,3,male,0,23.0,Young,0,0,1,Solo,1,9.225,2.3248357019288655,9.225,Q2,S,Mr,U,0,NONE,male_P3,69.0,22,0,0,0,1
352,0,1,male,0,40.0,Middle,0,0,1,Solo,1,35.0,3.58351893845611,35.0,Q4,S,Mr,C,1,NONE,male_P1,40.0,38,0,1,0,0
353,0,3,male,0,15.0,Teen,1,1,3,Small,0,7.2292,2.1076888046179385,2.409733333333333,Q1,C,Mr,U,0,NONE,male_P3,45.0,18,1,0,0,1
354,0,3,male,0,25.0,Young,1,0,2,Small,0,17.8,2.9338568698359038,8.9,Q3,S,Mr,U,0,NONE,male_P3,75.0,25,0,0,0,1
355,0,3,male,0,26.0,Young,0,0,1,Solo,1,7.225,2.1071782966514356,7.225,Q1,C,Mr,U,0,NONE,male_P3,78.0,17,0,1,0,1
356,0,3,male,0,28.0,Young,0,0,1,Solo,1,9.5,2.3513752571634776,9.5,Q2,S,Mr,U,0,NONE,male_P3,84.0,27,0,0,0,1
357,1,1,female,1,22.0,Young,0,1,2,Small,0,55.0,4.02535169073515,27.5,Q4,S,Miss,E,1,NONE,female_P1,22.0,27,1,0,0,0
358,0,2,female,1,38.0,Middle,0,0,1,Solo,1,13.0,2.6390573296152584,13.0,Q2,S,Miss,U,0,NONE,female_P2,76.0,25,1,0,0,1
359,1,3,female,1,18.0,Teen,0,0,1,Solo,1,7.8792,2.1837114628556327,7.8792,Q1,Q,Miss,U,0,NONE,female_P3,54.0,20,1,1,0,1
360,1,3,female,1,18.0,Teen,0,0,1,Solo,1,7.8792,2.1837114628556327,7.8792,Q1,Q,Miss,U,0,NONE,female_P3,54.0,33,1,1,0,1
361,0,3,male,0,40.0,Middle,1,4,6,Medium,0,27.9,3.3638415951183864,4.6499999999999995,Q3,S,Mr,U,0,NONE,male_P3,120.0,18,0,0,0,1
362,0,2,male,0,29.0,Young,1,0,2,Small,0,27.7208,3.357621598945279,13.8604,Q3,C,Mr,U,0,SCPARIS,male_P2,58.0,25,0,0,0,1
363,0,3,female,1,45.0,Middle,0,1,2,Small,0,14.4542,2.737880811060884,7.2271,Q2,C,Mrs,U,0,NONE,female_P3,135.0,31,1,0,0,1
364,0,3,male,0,35.0,Young,0,0,1,Solo,1,7.05,2.085672091430472,7.05,Q1,S,Mr,U,0,SOTONOQ,male_P3,105.0,15,0,0,0,1
365,0,3,male,0,26.0,Young,1,0,2,Small,0,15.5,2.803360380906535,7.75,Q3,Q,Mr,U,0,NONE,male_P3,78.0,19,0,1,0,1
366,0,3,male,0,30.0,Young,0,0,1,Solo,1,7.25,2.1102132003465894,7.25,Q1,S,Mr,U,0,OTHER,male_P3,90.0,30,0,0,0,1
367,1,1,female,1,60.0,Senior,1,0,2,Small,0,75.25,4.334017415487521,37.625,Q4,C,Mrs,D,1,NONE,female_P1,60.0,48,1,0,0,0
368,1,3,female,1,31.0,Young,0,0,1,Solo,1,7.2292,2.1076888046179385,7.2292,Q1,C,Mrs,U,0,NONE,female_P3,93.0,30,1,1,0,1
369,1,3,female,1,18.0,Teen,0,0,1,Solo,1,7.75,2.169053700369523,7.75,Q1,Q,Miss,U,0,NONE,female_P3,54.0,19,1,1,0,1
370,1,1,female,1,24.0,Young,0,0,1,Solo,1,69.3,4.252771798816619,69.3,Q4,C,Mrs,B,1,PC,female_P1,24.0,29,1,0,0,0
371,1,1,male,0,25.0,Young,1,0,2,Small,0,55.4417,4.0332082470129285,27.72085,Q4,C,Mr,E,1,NONE,male_P1,25.0,27,0,0,0,0
372,0,3,male,0,18.0,Teen,1,0,2,Small,0,6.4958,2.0143428636837015,3.2479,Q1,S,Mr,U,0,NONE,male_P3,54.0,25,0,0,0,1
373,0,3,male,0,19.0,Young,0,0,1,Solo,1,8.05,2.2027647577118348,8.05,Q2,S,Mr,U,0,NONE,male_P3,57.0,26,0,0,0,1
374,0,1,male,0,22.0,Young,0,0,1,Solo,1,135.6333,4.91730069488021,135.6333,Q4,C,Mr,U,0,PC,male_P1,22.0,19,0,0,0,1
375,0,3,female,1,3.0,Child,3,1,5,Medium,0,21.075,3.0944457464900235,4.215,Q3,S,Miss,U,0,NONE,female_P3,9.0,26,1,0,0,1
376,1,1,female,1,40.0,Middle,1,0,2,Small,0,82.1708,4.420896324687287,41.0854,Q4,C,Mrs,U,0,PC,female_P1,40.0,37,1,1,0,1
377,1,3,female,1,22.0,Young,0,0,1,Solo,1,7.25,2.1102132003465894,7.25,Q1,S,Miss,U,0,OTHER,female_P3,66.0,31,1,0,0,1
378,0,1,male,0,27.0,Young,0,2,3,Small,0,211.5,5.358941988364472,70.5,Q4,C,Mr,C,1,NONE,male_P1,27.0,25,0,0,0,0
379,0,3,male,0,20.0,Young,0,0,1,Solo,1,4.0125,1.6119347926326877,4.0125,Q1,C,Mr,U,0,NONE,male_P3,60.0,19,0,0,0,1
380,0,3,male,0,19.0,Young,0,0,1,Solo,1,7.775,2.1719067693519296,7.775,Q1,S,Mr,U,0,NONE,male_P3,57.0,27,0,0,0,1
381,1,1,female,1,42.0,Middle,0,0,1,Solo,1,227.525,5.4316456135398825,227.525,Q4,C,Miss,U,0,PC,female_P1,42.0,21,1,0,0,1
382,1,3,female,1,1.0,Child,0,2,3,Small,0,15.7417,2.817902613071225,5.247233333333333,Q3,C,Miss,U,0,NONE,female_P3,3.0,27,1,0,0,1
383,0,3,male,0,32.0,Young,0,0,1,Solo,1,7.925,2.188856327665703,7.925,Q2,S,Mr,U,0,STONO,male_P3,96.0,18,0,0,0,1
384,1,1,female,1,35.0,Young,1,0,2,Small,0,52.0,3.970291913552122,26.0,Q4,S,Mrs,U,0,NONE,female_P1,35.0,51,1,0,0,1
385,0,3,male,0,26.0,Young,0,0,1,Solo,1,7.8958,2.1855792552411137,7.8958,Q1,S,Mr,U,0,NONE,male_P3,78.0,22,0,1,0,1
386,0,2,male,0,18.0,Teen,0,0,1,Solo,1,73.5,4.310799125385514,73.5,Q4,S,Mr,U,0,OTHER,male_P2,36.0,25,0,0,0,1
387,0,3,male,0,1.0,Child,5,2,8,Large,0,46.9,3.8691155044168695,5.8625,Q4,S,Master,U,0,CA,male_P3,3.0,31,1,0,0,1
388,1,2,female,1,36.0,Middle,0,0,1,Solo,1,13.0,2.6390573296152584,13.0,Q2,S,Miss,U,0,NONE,female_P2,72.0,16,1,0,0,1
389,0,3,male,0,26.0,Young,0,0,1,Solo,1,7.7292,2.1666737276227077,7.7292,Q1,Q,Mr,U,0,NONE,male_P3,78.0,20,0,1,0,1
390,1,2,female,1,17.0,Teen,0,0,1,Solo,1,12.0,2.5649493574615367,12.0,Q2,C,Miss,U,0,OTHER,female_P2,34.0,21,1,0,0,1
391,1,1,male,0,36.0,Middle,1,2,4,Small,0,120.0,4.795790545596741,30.0,Q4,S,Mr,B,1,NONE,male_P1,36.0,26,0,0,0,0
392,1,3,male,0,21.0,Young,0,0,1,Solo,1,7.7958,2.174274334826008,7.7958,Q1,S,Mr,U,0,NONE,male_P3,63.0,22,0,0,0,1
393,0,3,male,0,28.0,Young,2,0,3,Small,0,7.925,2.188856327665703,2.6416666666666666,Q2,S,Mr,U,0,NONE,male_P3,84.0,28,0,0,0,1
394,1,1,female,1,23.0,Young,1,0,2,Small,0,113.275,4.738607824217808,56.6375,Q4,C,Miss,D,1,NONE,female_P1,23.0,22,1,0,0,0
395,1,3,female,1,24.0,Young,0,2,3,Small,0,16.7,2.8735646395797834,5.566666666666666,Q3,S,Mrs,G,1,OTHER,female_P3,72.0,51,1,0,0,0
396,0,3,male,0,22.0,Young,0,0,1,Solo,1,7.7958,2.174274334826008,7.7958,Q1,S,Mr,U,0,NONE,male_P3,66.0,19,0,0,0,1
397,0,3,female,1,31.0,Young,0,0,1,Solo,1,7.8542,2.180891922715322,7.8542,Q1,S,Miss,U,0,NONE,female_P3,93.0,19,1,0,0,1
398,0,2,male,0,46.0,Middle,0,0,1,Solo,1,26.0,3.295836866004329,26.0,Q3,S,Mr,U,0,NONE,male_P2,92.0,23,0,0,0,1
399,0,2,male,0,23.0,Young,0,0,1,Solo,1,10.5,2.4423470353692043,10.5,Q2,S,Rare,U,0,NONE,male_P2,46.0,16,0,0,0,1
400,1,2,female,1,28.0,Young,0,0,1,Solo,1,12.65,2.613739521630969,12.65,Q2,S,Mrs,U,0,NONE,female_P2,56.0,32,1,0,0,1
401,1,3,male,0,39.0,Middle,0,0,1,Solo,1,7.925,2.188856327665703,7.925,Q2,S,Mr,U,0,STONO,male_P3,117.0,18,0,0,0,1
402,0,3,male,0,26.0,Young,0,0,1,Solo,1,8.05,2.2027647577118348,8.05,Q2,S,Mr,U,0,NONE,male_P3,78.0,15,0,0,0,1
403,0,3,female,1,21.0,Young,1,0,2,Small,0,9.825,2.3818582738885534,4.9125,Q2,S,Miss,U,0,NONE,female_P3,63.0,24,1,0,0,1
404,0,3,male,0,28.0,Young,1,0,2,Small,0,15.85,2.8243506567983707,7.925,Q3,S,Mr,U,0,STONO,male_P3,84.0,30,0,0,0,1
405,0,3,female,1,20.0,Young,0,0,1,Solo,1,8.6625,2.2682524139135403,8.6625,Q2,S,Miss,U,0,NONE,female_P3,60.0,23,1,0,0,1
406,0,2,male,0,34.0,Young,1,0,2,Small,0,21.0,3.091042453358316,10.5,Q3,S,Mr,U,0,NONE,male_P2,68.0,18,0,0,0,1
407,0,3,male,0,51.0,Senior,0,0,1,Solo,1,7.75,2.169053700369523,7.75,Q1,S,Mr,U,0,NONE,male_P3,153.0,32,0,0,0,1
408,1,2,male,0,3.0,Child,1,1,3,Small,0,18.75,2.9831534913471307,6.25,Q3,S,Master,U,0,NONE,male_P2,6.0,30,1,0,0,1
409,0,3,male,0,21.0,Young,0,0,1,Solo,1,7.775,2.1719067693519296,7.775,Q1,S,Mr,U,0,NONE,male_P3,63.0,33,0,0,0,1
410,0,3,female,1,18.0,Teen,3,1,5,Medium,0,25.4667,3.275887339030031,5.0933399999999995,Q3,S,Miss,U,0,NONE,female_P3,54.0,18,1,1,0,1
411,0,3,male,0,26.0,Young,0,0,1,Solo,1,7.8958,2.1855792552411137,7.8958,Q1,S,Mr,U,0,NONE,male_P3,78.0,18,0,1,0,1
412,0,3,male,0,26.0,Young,0,0,1,Solo,1,6.8583,2.061570298060867,6.8583,Q1,Q,Mr,U,0,NONE,male_P3,78.0,15,0,1,0,1
413,1,1,female,1,33.0,Young,1,0,2,Small,0,90.0,4.51085950651685,45.0,Q4,Q,Miss,C,1,NONE,female_P1,33.0,22,1,0,0,0
414,0,2,male,0,31.0,Young,0,0,1,Solo,1,0.0,0.0,0.0,Q1,S,Mr,U,0,NONE,male_P2,62.0,30,0,1,0,1
415,1,3,male,0,44.0,Middle,0,0,1,Solo,1,7.925,2.188856327665703,7.925,Q2,S,Mr,U,0,STONO,male_P3,132.0,25,0,0,0,1
416,0,3,female,1,31.0,Young,0,0,1,Solo,1,8.05,2.2027647577118348,8.05,Q2,S,Mrs,U,0,NONE,female_P3,93.0,39,1,1,0,1
417,1,2,female,1,34.0,Young,1,1,3,Small,0,32.5,3.5115454388310208,10.833333333333334,Q4,S,Mrs,U,0,NONE,female_P2,68.0,47,1,0,0,1
418,1,2,female,1,18.0,Teen,0,2,3,Small,0,13.0,2.6390573296152584,4.333333333333333,Q2,S,Miss,U,0,NONE,female_P2,36.0,29,1,0,0,1
419,0,2,male,0,30.0,Young,0,0,1,Solo,1,13.0,2.6390573296152584,13.0,Q2,S,Mr,U,0,NONE,male_P2,60.0,26,0,0,0,1
420,0,3,female,1,10.0,Child,0,2,3,Small,0,24.15,3.224857896545748,8.049999999999999,Q3,S,Miss,U,0,NONE,female_P3,30.0,25,1,0,0,1
421,0,3,male,0,26.0,Young,0,0,1,Solo,1,7.8958,2.1855792552411137,7.8958,Q1,C,Mr,U,0,NONE,male_P3,78.0,22,0,1,0,1
422,0,3,male,0,21.0,Young,0,0,1,Solo,1,7.7333,2.167143305297764,7.7333,Q1,Q,Mr,U,0,A,male_P3,63.0,19,0,0,0,1
423,0,3,male,0,29.0,Young,0,0,1,Solo,1,7.875,2.1832383353614797,7.875,Q1,S,Mr,U,0,NONE,male_P3,87.0,18,0,0,0,1
424,0,3,female,1,28.0,Young,1,1,3,Small,0,14.4,2.7343675094195836,4.8,Q2,S,Mrs,U,0,NONE,female_P3,84.0,54,1,0,0,1
425,0,3,male,0,18.0,Teen,1,1,3,Small,0,20.2125,3.0545906305603445,6.7375,Q3,S,Mr,U,0,NONE,male_P3,54.0,27,0,0,0,1
426,0,3,male,0,26.0,Young,0,0,1,Solo,1,7.25,2.1102132003465894,7.25,Q1,S,Mr,U,0,A,male_P3,78.0,22,0,1,0,1
427,1,2,female,1,28.0,Young,1,0,2,Small,0,26.0,3.295836866004329,13.0,Q3,S,Mrs,U,0,NONE,female_P2,56.0,43,1,0,0,1
428,1,2,female,1,19.0,Young,0,0,1,Solo,1,26.0,3.295836866004329,26.0,Q3,S,Miss,U,0,NONE,female_P2,38.0,67,1,0,0,1
429,0,3,male,0,26.0,Young,0,0,1,Solo,1,7.75,2.169053700369523,7.75,Q1,Q,Mr,U,0,NONE,male_P3,78.0,16,0,1,0,1
430,1,3,male,0,32.0,Young,0,0,1,Solo,1,8.05,2.2027647577118348,8.05,Q2,S,Mr,E,1,SOTONOQ,male_P3,96.0,34,0,0,0,0
431,1,1,male,0,28.0,Young,0,0,1,Solo,1,26.55,3.3160025355989236,26.55,Q3,S,Mr,C,1,NONE,male_P1,28.0,41,0,0,0,0
432,1,3,female,1,31.0,Young,1,0,2,Small,0,16.1,2.8390784635086144,8.05,Q3,S,Mrs,U,0,NONE,female_P3,93.0,49,1,1,0,1
433,1,2,female,1,42.0,Middle,1,0,2,Small,0,26.0,3.295836866004329,13.0,Q3,S,Mrs,U,0,OTHER,female_P2,84.0,51,1,0,0,1
434,0,3,male,0,17.0,Teen,0,0,1,Solo,1,7.125,2.094945728215801,7.125,Q1,S,Mr,U,0,STONO,male_P3,51.0,26,0,0,0,1
435,0,1,male,0,50.0,Middle,1,0,2,Small,0,55.9,4.041295341132285,27.95,Q4,S,Mr,E,1,NONE,male_P1,50.0,25,0,0,0,0
436,1,1,female,1,14.0,Teen,1,2,4,Small,0,120.0,4.795790545596741,30.0,Q4,S,Miss,B,1,NONE,female_P1,14.0,25,1,0,0,0
437,0,3,female,1,21.0,Young,2,2,5,Medium,0,34.375,3.5660053559634015,6.875,Q4,S,Miss,U,0,WC,female_P3,63.0,36,1,0,0,1
438,1,2,female,1,24.0,Young,2,3,6,Medium,0,18.75,2.9831534913471307,3.125,Q3,S,Mrs,U,0,NONE,female_P2,48.0,37,1,0,0,1
439,0,1,male,0,64.0,Senior,1,4,6,Medium,0,263.0,5.575949103146316,43.833333333333336,Q4,S,Mr,C,1,NONE,male_P1,64.0,17,0,0,0,0
440,0,2,male,0,31.0,Young,0,0,1,Solo,1,10.5,2.4423470353692043,10.5,Q2,S,Mr,U,0,CA,male_P2,62.0,38,0,0,0,1
441,1,2,female,1,45.0,Middle,1,1,3,Small,0,26.25,3.305053521109253,8.75,Q3,S,Mrs,U,0,OTHER,female_P2,90.0,43,1,0,0,1
442,0,3,male,0,20.0,Young,0,0,1,Solo,1,9.5,2.3513752571634776,9.5,Q2,S,Mr,U,0,NONE,male_P3,60.0,15,0,0,0,1
443,0,3,male,0,25.0,Young,1,0,2,Small,0,7.775,2.1719067693519296,3.8875,Q1,S,Mr,U,0,NONE,male_P3,75.0,25,0,0,0,1
444,1,2,female,1,28.0,Young,0,0,1,Solo,1,13.0,2.6390573296152584,13.0,Q2,S,Miss,U,0,NONE,female_P2,56.0,25,1,0,0,1
445,1,3,male,0,26.0,Young,0,0,1,Solo,1,8.1125,2.2096470973347766,8.1125,Q2,S,Mr,U,0,NONE,male_P3,78.0,33,0,1,0,1
446,1,1,male,0,4.0,Child,0,2,3,Small,0,81.8583,4.417131919904876,27.2861,Q4,S,Master,A,1,NONE,male_P1,4.0,25,1,0,0,0
447,1,2,female,1,13.0,Teen,0,1,2,Small,0,19.5,3.0204248861443626,9.75,Q3,S,Miss,U,0,NONE,female_P2,26.0,33,1,0,0,1
448,1,1,male,0,34.0,Young,0,0,1,Solo,1,26.55,3.3160025355989236,26.55,Q3,S,Mr,U,0,NONE,male_P1,34.0,27,0,0,0,1
449,1,3,female,1,5.0,Child,2,1,4,Small,0,19.2583,3.0085645861193133,4.814575,Q3,C,Miss,U,0,NONE,female_P3,15.0,30,1,0,0,1
450,1,1,male,0,52.0,Senior,0,0,1,Solo,1,30.5,3.449987545831587,30.5,Q3,S,Rare,C,1,NONE,male_P1,52.0,30,0,0,0,0
451,0,2,male,0,36.0,Middle,1,2,4,Small,0,27.75,3.3586377672433594,6.9375,Q3,S,Mr,U,0,CA,male_P2,72.0,21,0,0,0,1
452,0,3,male,0,26.0,Young,1,0,2,Small,0,19.9667,3.0429354648621407,9.98335,Q3,S,Mr,U,0,NONE,male_P3,78.0,31,0,1,0,1
453,0,1,male,0,30.0,Young,0,0,1,Solo,1,27.75,3.3586377672433594,27.75,Q3,C,Mr,C,1,NONE,male_P1,30.0,31,0,0,0,0
454,1,1,male,0,49.0,Middle,1,0,2,Small,0,89.1042,4.500966778400217,44.5521,Q4,C,Mr,C,1,NONE,male_P1,49.0,24,0,0,0,0
455,0,3,male,0,26.0,Young,0,0,1,Solo,1,8.05,2.2027647577118348,8.05,Q2,S,Mr,U,0,A,male_P3,78.0,19,0,1,0,1
456,1,3,male,0,29.0,Young,0,0,1,Solo,1,7.8958,2.1855792552411137,7.8958,Q1,C,Mr,U,0,NONE,male_P3,87.0,18,0,0,0,1
457,0,1,male,0,65.0,Senior,0,0,1,Solo,1,26.55,3.3160025355989236,26.55,Q3,S,Mr,E,1,NONE,male_P1,65.0,25,0,0,0,0
458,1,1,female,1,40.0,Middle,1,0,2,Small,0,51.8625,3.967694202798607,25.93125,Q4,S,Mrs,D,1,NONE,female_P1,40.0,33,1,1,0,0
459,1,2,female,1,50.0,Middle,0,0,1,Solo,1,10.5,2.4423470353692043,10.5,Q2,S,Miss,U,0,OTHER,female_P2,100.0,19,1,0,0,1
460,0,3,male,0,26.0,Young,0,0,1,Solo,1,7.75,2.169053700369523,7.75,Q1,Q,Mr,U,0,NONE,male_P3,78.0,21,0,1,0,1
461,1,1,male,0,48.0,Middle,0,0,1,Solo,1,26.55,3.3160025355989236,26.55,Q3,S,Mr,E,1,NONE,male_P1,48.0,19,0,0,0,0
462,0,3,male,0,34.0,Young,0,0,1,Solo,1,8.05,2.2027647577118348,8.05,Q2,S,Mr,U,0,NONE,male_P3,102.0,19,0,0,0,1
463,0,1,male,0,47.0,Middle,0,0,1,Solo,1,38.5,3.676300671907076,38.5,Q4,S,Mr,E,1,NONE,male_P1,47.0,17,0,0,0,0
464,0,2,male,0,48.0,Middle,0,0,1,Solo,1,13.0,2.6390573296152584,13.0,Q2,S,Mr,U,0,NONE,male_P2,96.0,28,0,0,0,1
465,0,3,male,0,26.0,Young,0,0,1,Solo,1,8.05,2.2027647577118348,8.05,Q2,S,Mr,U,0,OTHER,male_P3,78.0,18,0,1,0,1
466,0,3,male,0,38.0,Middle,0,0,1,Solo,1,7.05,2.085672091430472,7.05,Q1,S,Mr,U,0,SOTONOQ,male_P3,114.0,31,0,0,0,1
467,0,2,male,0,31.0,Young,0,0,1,Solo,1,0.0,0.0,0.0,Q1,S,Mr,U,0,NONE,male_P2,62.0,21,0,1,0,1
468,0,1,male,0,56.0,Senior,0,0,1,Solo,1,26.55,3.3160025355989236,26.55,Q3,S,Mr,U,0,NONE,male_P1,56.0,26,0,0,0,1
469,0,3,male,0,26.0,Young,0,0,1,Solo,1,7.725,2.1661924680884908,7.725,Q1,Q,Mr,U,0,NONE,male_P3,78.0,18,0,1,0,1
470,1,3,female,1,0.75,Child,2,1,4,Small,0,19.2583,3.0085645861193133,4.814575,Q3,C,Miss,U,0,NONE,female_P3,2.25,29,1,0,0,1
471,0,3,male,0,26.0,Young,0,0,1,Solo,1,7.25,2.1102132003465894,7.25,Q1,S,Mr,U,0,NONE,male_P3,78.0,17,0,1,0,1
472,0,3,male,0,38.0,Middle,0,0,1,Solo,1,8.6625,2.2682524139135403,8.6625,Q2,S,Mr,U,0,NONE,male_P3,114.0,15,0,0,0,1
473,1,2,female,1,33.0,Young,1,2,4,Small,0,27.75,3.3586377672433594,6.9375,Q3,S,Mrs,U,0,CA,female_P2,66.0,39,1,0,0,1
474,1,2,female,1,23.0,Young,0,0,1,Solo,1,13.7917,2.694066212646058,13.7917,Q2,C,Mrs,D,1,OTHER,female_P2,46.0,44,1,0,0,0
475,0,3,female,1,22.0,Young,0,0,1,Solo,1,9.8375,2.3830123421066602,9.8375,Q2,S,Miss,U,0,NONE,female_P3,66.0,27,1,0,0,1
476,0,1,male,0,40.0,Middle,0,0,1,Solo,1,52.0,3.970291913552122,52.0,Q4,S,Mr,A,1,NONE,male_P1,40.0,27,0,1,0,0
477,0,2,male,0,34.0,Young,1,0,2,Small,0,21.0,3.091042453358316,10.5,Q3,S,Mr,U,0,NONE,male_P2,68.0,23,0,0,0,1
478,0,3,male,0,29.0,Young,1,0,2,Small,0,7.0458,2.0851502161468174,3.5229,Q1,S,Mr,U,0,NONE,male_P3,87.0,25,0,0,0,1
479,0,3,male,0,22.0,Young,0,0,1,Solo,1,7.5208,2.142510233146819,7.5208,Q1,S,Mr,U,0,NONE,male_P3,66.0,25,0,0,0,1
480,1,3,female,1,2.0,Child,0,1,2,Small,0,12.2875,2.586823743668066,6.14375,Q2,S,Miss,U,0,NONE,female_P3,6.0,24,1,0,0,1
481,0,3,male,0,9.0,Child,5,2,8,Large,0,46.9,3.8691155044168695,5.8625,Q4,S,Master,U,0,CA,male_P3,27.0,30,1,0,0,1
482,0,2,male,0,31.0,Young,0,0,1,Solo,1,0.0,0.0,0.0,Q1,S,Mr,U,0,NONE,male_P2,62.0,32,0,1,0,1
483,0,3,male,0,50.0,Middle,0,0,1,Solo,1,8.05,2.2027647577118348,8.05,Q2,S,Mr,U,0,A,male_P3,150.0,24,0,0,0,1
484,1,3,female,1,63.0,Senior,0,0,1,Solo,1,9.5875,2.3596740599781727,9.5875,Q2,S,Mrs,U,0,NONE,female_P3,189.0,22,1,0,0,1
485,1,1,male,0,25.0,Young,1,0,2,Small,0,91.0792,4.5226490762785785,45.5396,Q4,C,Mr,B,1,NONE,male_P1,25.0,23,0,0,0,0
486,0,3,female,1,18.0,Teen,3,1,5,Medium,0,25.4667,3.275887339030031,5.0933399999999995,Q3,S,Miss,U,0,NONE,female_P3,54.0,22,1,1,0,1
487,1,1,female,1,35.0,Young,1,0,2,Small,0,90.0,4.51085950651685,45.0,Q4,S,Mrs,C,1,NONE,female_P1,35.0,47,1,0,0,0
488,0,1,male,0,58.0,Senior,0,0,1,Solo,1,29.7,3.4242626545931514,29.7,Q3,C,Mr,B,1,NONE,male_P1,58.0,23,0,0,0,0
489,0,3,male,0,30.0,Young,0,0,1,Solo,1,8.05,2.2027647577118348,8.05,Q2,S,Mr,U,0,A,male_P3,90.0,29,0,0,0,1
490,1,3,male,0,9.0,Child,1,1,3,Small,0,15.9,2.827313621929028,5.3,Q3,S,Master,U,0,CA,male_P3,27.0,37,1,0,0,1
491,0,3,male,0,26.0,Young,1,0,2,Small,0,19.9667,3.0429354648621407,9.98335,Q3,S,Mr,U,0,NONE,male_P3,78.0,36,0,1,0,1
492,0,3,male,0,21.0,Young,0,0,1,Solo,1,7.25,2.1102132003465894,7.25,Q1,S,Mr,U,0,SOTONOQ,male_P3,63.0,19,0,0,0,1
493,0,1,male,0,55.0,Senior,0,0,1,Solo,1,30.5,3.449987545831587,30.5,Q3,S,Mr,C,1,NONE,male_P1,55.0,26,0,0,0,0
494,0,1,male,0,71.0,Elder,0,0,1,Solo,1,49.5042,3.922056501139853,49.5042,Q4,C,Mr,U,0,PC,male_P1,71.0,23,0,0,0,1
495,0,3,male,0,21.0,Young,0,0,1,Solo,1,8.05,2.2027647577118348,8.05,Q2,S,Mr,U,0,A,male_P3,63.0,26,0,0,0,1
496,0,3,male,0,26.0,Young,0,0,1,Solo,1,14.4583,2.738146075922933,14.4583,Q3,C,Mr,U,0,NONE,male_P3,78.0,21,0,1,0,1
497,1,1,female,1,54.0,Senior,1,0,2,Small,0,78.2667,4.37281811610993,39.13335,Q4,C,Miss,D,1,NONE,female_P1,54.0,30,1,0,0,0
498,0,3,male,0,26.0,Young,0,0,1,Solo,1,15.1,2.7788192719904172,15.1,Q3,S,Mr,U,0,CA,male_P3,78.0,31,0,1,0,1
499,0,1,female,1,25.0,Young,1,2,4,Small,0,151.55,5.027492411162679,37.8875,Q4,S,Mrs,C,1,NONE,female_P1,25.0,47,1,0,0,0
500,0,3,male,0,24.0,Young,0,0,1,Solo,1,7.7958,2.174274334826008,7.7958,Q1,S,Mr,U,0,NONE,male_P3,72.0,18,0,0,0,1
501,0,3,male,0,17.0,Teen,0,0,1,Solo,1,8.6625,2.2682524139135403,8.6625,Q2,S,Mr,U,0,NONE,male_P3,51.0,16,0,0,0,1
502,0,3,female,1,21.0,Young,0,0,1,Solo,1,7.75,2.169053700369523,7.75,Q1,Q,Miss,U,0,NONE,female_P3,63.0,19,1,0,0,1
503,0,3,female,1,18.0,Teen,0,0,1,Solo,1,7.6292,2.155151800914312,7.6292,Q1,Q,Miss,U,0,NONE,female_P3,54.0,30,1,1,0,1
504,0,3,female,1,37.0,Middle,0,0,1,Solo,1,9.5875,2.3596740599781727,9.5875,Q2,S,Miss,U,0,NONE,female_P3,111.0,30,1,0,0,1
505,1,1,female,1,16.0,Teen,0,0,1,Solo,1,86.5,4.471638793363569,86.5,Q4,S,Miss,B,1,NONE,female_P1,16.0,21,1,0,0,0
506,0,1,male,0,18.0,Teen,1,0,2,Small,0,108.9,4.699570861409576,54.45,Q4,C,Mr,C,1,PC,male_P1,18.0,42,0,0,0,0
507,1,2,female,1,33.0,Young,0,2,3,Small,0,26.0,3.295836866004329,8.666666666666666,Q3,S,Mrs,U,0,NONE,female_P2,66.0,45,1,0,0,1
508,1,1,male,0,40.0,Middle,0,0,1,Solo,1,26.55,3.3160025355989236,26.55,Q3,S,Mr,U,0,NONE,male_P1,40.0,45,0,1,0,1
509,0,3,male,0,28.0,Young,0,0,1,Solo,1,22.525,3.1580636854714434,22.525,Q3,S,Mr,U,0,OTHER,male_P3,84.0,24,0,0,0,1
510,1,3,male,0,26.0,Young,0,0,1,Solo,1,56.4958,4.05171190165724,56.4958,Q4,S,Mr,U,0,NONE,male_P3,78.0,14,0,0,0,1
511,1,3,male,0,29.0,Young,0,0,1,Solo,1,7.75,2.169053700369523,7.75,Q1,Q,Mr,U,0,NONE,male_P3,87.0,24,0,0,0,1
512,0,3,male,0,26.0,Young,0,0,1,Solo,1,8.05,2.2027647577118348,8.05,Q2,S,Mr,U,0,SOTONOQ,male_P3,78.0,17,0,1,0,1
513,1,1,male,0,36.0,Middle,0,0,1,Solo,1,26.2875,3.3064287218760624,26.2875,Q3,S,Mr,E,1,PC,male_P1,36.0,25,0,0,0,0
514,1,1,female,1,54.0,Senior,1,0,2,Small,0,59.4,4.100989104940769,29.7,Q4,C,Mrs,U,0,PC,female_P1,54.0,46,1,0,0,1
515,0,3,male,0,24.0,Young,0,0,1,Solo,1,7.4958,2.139571923732859,7.4958,Q1,S,Mr,U,0,NONE,male_P3,72.0,17,0,0,0,1
516,0,1,male,0,47.0,Middle,0,0,1,Solo,1,34.0208,3.5559421706858756,34.0208,Q4,S,Mr,D,1,NONE,male_P1,47.0,28,0,0,0,0
517,1,2,female,1,34.0,Young,0,0,1,Solo,1,10.5,2.4423470353692043,10.5,Q2,S,Mrs,F,1,CA,female_P2,68.0,28,1,0,0,0
518,0,3,male,0,26.0,Young,0,0,1,Solo,1,24.15,3.224857896545748,24.15,Q3,Q,Mr,U,0,NONE,male_P3,78.0,17,0,1,0,1
519,1,2,female,1,36.0,Middle,1,0,2,Small,0,26.0,3.295836866004329,13.0,Q3,S,Mrs,U,0,NONE,female_P2,72.0,52,1,0,0,1
520,0,3,male,0,32.0,Young,0,0,1,Solo,1,7.8958,2.1855792552411137,7.8958,Q1,S,Mr,U,0,NONE,male_P3,96.0,19,0,0,0,1
521,1,1,female,1,30.0,Young,0,0,1,Solo,1,93.5,4.548599834499697,93.5,Q4,S,Miss,B,1,NONE,female_P1,30.0,21,1,0,0,0
522,0,3,male,0,22.0,Young,0,0,1,Solo,1,7.8958,2.1855792552411137,7.8958,Q1,S,Mr,U,0,NONE,male_P3,66.0,15,0,0,0,1
523,0,3,male,0,26.0,Young,0,0,1,Solo,1,7.225,2.1071782966514356,7.225,Q1,C,Mr,U,0,NONE,male_P3,78.0,18,0,1,0,1
524,1,1,female,1,44.0,Middle,0,1,2,Small,0,57.9792,4.077184839375167,28.9896,Q4,C,Mrs,B,1,NONE,female_P1,44.0,47,1,0,0,0
525,0,3,male,0,26.0,Young,0,0,1,Solo,1,7.2292,2.1076888046179385,7.2292,Q1,C,Mr,U,0,NONE,male_P3,78.0,17,0,1,0,1
526,0,3,male,0,40.5,Middle,0,0,1,Solo,1,7.75,2.169053700369523,7.75,Q1,Q,Mr,U,0,NONE,male_P3,121.5,18,0,0,0,1
527,1,2,female,1,50.0,Middle,0,0,1,Solo,1,10.5,2.4423470353692043,10.5,Q2,S,Miss,U,0,WC,female_P2,100.0,20,1,0,0,1
528,0,1,male,0,40.0,Middle,0,0,1,Solo,1,221.7792,5.406181146423973,221.7792,Q4,S,Mr,C,1,PC,male_P1,40.0,18,0,1,0,0
529,0,3,male,0,39.0,Middle,0,0,1,Solo,1,7.925,2.188856327665703,7.925,Q2,S,Mr,U,0,NONE,male_P3,117.0,25,0,0,0,1
530,0,2,male,0,23.0,Young,2,1,4,Small,0,11.5,2.5257286443082556,2.875,Q2,S,Mr,U,0,NONE,male_P2,46.0,27,0,0,0,1
531,1,2,female,1,2.0,Child,1,1,3,Small,0,26.0,3.295836866004329,8.666666666666666,Q3,S,Miss,U,0,NONE,female_P2,4.0,24,1,0,0,1
532,0,3,male,0,26.0,Young,0,0,1,Solo,1,7.2292,2.1076888046179385,7.2292,Q1,C,Mr,U,0,NONE,male_P3,78.0,17,0,1,0,1
533,0,3,male,0,17.0,Teen,1,1,3,Small,0,7.2292,2.1076888046179385,2.409733333333333,Q1,C,Mr,U,0,NONE,male_P3,51.0,20,0,0,0,1
534,1,3,female,1,31.0,Young,0,2,3,Small,0,22.3583,3.1509523813392697,7.452766666666666,Q3,C,Mrs,U,0,NONE,female_P3,93.0,38,1,1,0,1
535,0,3,female,1,30.0,Young,0,0,1,Solo,1,8.6625,2.2682524139135403,8.6625,Q2,S,Miss,U,0,NONE,female_P3,90.0,19,1,0,0,1
536,1,2,female,1,7.0,Child,0,2,3,Small,0,26.25,3.305053521109253,8.75,Q3,S,Miss,U,0,OTHER,female_P2,14.0,22,1,0,0,1
537,0,1,male,0,45.0,Middle,0,0,1,Solo,1,26.55,3.3160025355989236,26.55,Q3,S,Rare,B,1,NONE,male_P1,45.0,33,0,0,0,0
538,1,1,female,1,30.0,Young,0,0,1,Solo,1,106.425,4.676792929661059,106.425,Q4,C,Miss,U,0,PC,female_P1,30.0,19,1,0,0,1
539,0,3,male,0,26.0,Young,0,0,1,Solo,1,14.5,2.740840023925201,14.5,Q3,S,Mr,U,0,NONE,male_P3,78.0,24,0,1,0,1
540,1,1,female,1,22.0,Young,0,2,3,Small,0,49.5,3.9219733362813143,16.5,Q4,C,Miss,B,1,NONE,female_P1,22.0,34,1,0,0,0
541,1,1,female,1,36.0,Middle,0,2,3,Small,0,71.0,4.276666119016055,23.666666666666668,Q4,S,Miss,B,1,OTHER,female_P1,36.0,23,1,0,0,0
542,0,3,female,1,9.0,Child,4,2,7,Large,0,31.275,3.4742929367327062,4.4678571428571425,Q4,S,Miss,U,0,NONE,female_P3,27.0,36,1,0,0,1
543,0,3,female,1,11.0,Child,4,2,7,Large,0,31.275,3.4742929367327062,4.4678571428571425,Q4,S,Miss,U,0,NONE,female_P3,33.0,33,1,0,0,1
544,1,2,male,0,32.0,Young,1,0,2,Small,0,26.0,3.295836866004329,13.0,Q3,S,Mr,U,0,NONE,male_P2,64.0,17,0,0,0,1
545,0,1,male,0,50.0,Middle,1,0,2,Small,0,106.425,4.676792929661059,53.2125,Q4,C,Mr,C,1,PC,male_P1,50.0,26,0,0,0,0
546,0,1,male,0,64.0,Senior,0,0,1,Solo,1,26.0,3.295836866004329,26.0,Q3,S,Mr,U,0,NONE,male_P1,64.0,28,0,0,0,1
547,1,2,female,1,19.0,Young,1,0,2,Small,0,26.0,3.295836866004329,13.0,Q3,S,Mrs,U,0,NONE,female_P2,38.0,33,1,0,0,1
548,1,2,male,0,31.0,Young,0,0,1,Solo,1,13.8625,2.6988412620169004,13.8625,Q2,C,Mr,U,0,SCPARIS,male_P2,62.0,26,0,1,0,1
549,0,3,male,0,33.0,Young,1,1,3,Small,0,20.525,3.0692150503137943,6.841666666666666,Q3,S,Mr,U,0,NONE,male_P3,99.0,25,0,0,0,1
550,1,2,male,0,8.0,Child,1,1,3,Small,0,36.75,3.6309854756950335,12.25,Q4,S,Master,U,0,CA,male_P2,16.0,30,1,0,0,1
551,1,1,male,0,17.0,Teen,0,2,3,Small,0,110.8833,4.717456363787216,36.9611,Q4,C,Mr,C,1,NONE,male_P1,17.0,27,0,0,0,0
552,0,2,male,0,27.0,Young,0,0,1,Solo,1,26.0,3.295836866004329,26.0,Q3,S,Mr,U,0,NONE,male_P2,54.0,27,0,0,0,1
553,0,3,male,0,26.0,Young,0,0,1,Solo,1,7.8292,2.17806441028492,7.8292,Q1,Q,Mr,U,0,NONE,male_P3,78.0,20,0,1,0,1
554,1,3,male,0,22.0,Young,0,0,1,Solo,1,7.225,2.1071782966514356,7.225,Q1,C,Mr,U,0,NONE,male_P3,66.0,33,0,0,0,1
555,1,3,female,1,22.0,Young,0,0,1,Solo,1,7.775,2.1719067693519296,7.775,Q1,S,Miss,U,0,NONE,female_P3,66.0,18,1,0,0,1
556,0,1,male,0,62.0,Senior,0,0,1,Solo,1,26.55,3.3160025355989236,26.55,Q3,S,Mr,U,0,NONE,male_P1,62.0,18,0,0,0,1
557,1,1,female,1,48.0,Middle,1,0,2,Small,0,39.6,3.703768066607687,19.8,Q4,C,Rare,A,1,NONE,female_P1,48.0,65,1,0,0,0
558,0,1,male,0,40.0,Middle,0,0,1,Solo,1,227.525,5.4316456135398825,227.525,Q4,C,Mr,U,0,PC,male_P1,40.0,19,0,1,0,1
559,1,1,female,1,39.0,Middle,1,1,3,Small,0,79.65,4.390118804571218,26.55,Q4,S,Mrs,E,1,NONE,female_P1,39.0,38,1,0,0,0
560,1,3,female,1,36.0,Middle,1,0,2,Small,0,17.4,2.91235066461494,8.7,Q3,S,Mrs,U,0,NONE,female_P3,108.0,44,1,0,0,1
561,0,3,male,0,26.0,Young,0,0,1,Solo,1,7.75,2.169053700369523,7.75,Q1,Q,Mr,U,0,NONE,male_P3,78.0,24,0,1,0,1
562,0,3,male,0,40.0,Middle,0,0,1,Solo,1,7.8958,2.1855792552411137,7.8958,Q1,S,Mr,U,0,NONE,male_P3,120.0,17,0,0,0,1
563,0,2,male,0,28.0,Young,0,0,1,Solo,1,13.5,2.6741486494265287,13.5,Q2,S,Mr,U,0,NONE,male_P2,56.0,26,0,0,0,1
564,0,3,male,0,26.0,Young,0,0,1,Solo,1,8.05,2.2027647577118348,8.05,Q2,S,Mr,U,0,SOTONOQ,male_P3,78.0,17,0,1,0,1
565,0,3,female,1,18.0,Teen,0,0,1,Solo,1,8.05,2.2027647577118348,8.05,Q2,S,Miss,U,0,SOTONOQ,female_P3,54.0,30,1,1,0,1
566,0,3,male,0,24.0,Young,2,0,3,Small,0,24.15,3.224857896545748,8.049999999999999,Q3,S,Mr,U,0,A,male_P3,72.0,20,0,0,0,1
567,0,3,male,0,19.0,Young,0,0,1,Solo,1,7.8958,2.1855792552411137,7.8958,Q1,S,Mr,U,0,NONE,male_P3,57.0,20,0,0,0,1
568,0,3,female,1,29.0,Young,0,4,5,Medium,0,21.075,3.0944457464900235,4.215,Q3,S,Mrs,U,0,NONE,female_P3,87.0,43,1,0,0,1
569,0,3,male,0,26.0,Young,0,0,1,Solo,1,7.2292,2.1076888046179385,7.2292,Q1,C,Mr,U,0,NONE,male_P3,78.0,19,0,1,0,1
570,1,3,male,0,32.0,Young,0,0,1,Solo,1,7.8542,2.180891922715322,7.8542,Q1,S,Mr,U,0,NONE,male_P3,96.0,17,0,0,0,1
571,1,2,male,0,62.0,Senior,0,0,1,Solo,1,10.5,2.4423470353692043,10.5,Q2,S,Mr,U,0,OTHER,male_P2,124.0,18,0,0,0,1
572,1,1,female,1,53.0,Senior,2,0,3,Small,0,51.4792,3.960416900617205,17.15973333333333,Q4,S,Mrs,C,1,NONE,female_P1,53.0,45,1,0,0,0
573,1,1,male,0,36.0,Middle,0,0,1,Solo,1,26.3875,3.3100867049215847,26.3875,Q3,S,Mr,E,1,PC,male_P1,36.0,32,0,0,0,0
574,1,3,female,1,18.0,Teen,0,0,1,Solo,1,7.75,2.169053700369523,7.75,Q1,Q,Miss,U,0,NONE,female_P3,54.0,17,1,1,0,1
575,0,3,male,0,16.0,Teen,0,0,1,Solo,1,8.05,2.2027647577118348,8.05,Q2,S,Mr,U,0,A,male_P3,48.0,28,0,0,0,1
576,0,3,male,0,19.0,Young,0,0,1,Solo,1,14.5,2.740840023925201,14.5,Q3,S,Mr,U,0,NONE,male_P3,57.0,20,0,0,0,1
577,1,2,female,1,34.0,Young,0,0,1,Solo,1,13.0,2.6390573296152584,13.0,Q2,S,Miss,U,0,NONE,female_P2,68.0,20,1,0,0,1
578,1,1,female,1,39.0,Middle,1,0,2,Small,0,55.9,4.041295341132285,27.95,Q4,S,Mrs,E,1,NONE,female_P1,39.0,41,1,0,0,0
579,0,3,female,1,31.0,Young,1,0,2,Small,0,14.4583,2.738146075922933,7.22915,Q3,C,Mrs,U,0,NONE,female_P3,93.0,32,1,1,0,1
580,1,3,male,0,32.0,Young,0,0,1,Solo,1,7.925,2.188856327665703,7.925,Q2,S,Mr,U,0,STONO,male_P3,96.0,19,0,0,0,1
581,1,2,female,1,25.0,Young,1,1,3,Small,0,30.0,3.4339872044851463,10.0,Q3,S,Miss,U,0,NONE,female_P2,50.0,27,1,0,0,1
582,1,1,female,1,39.0,Middle,1,1,3,Small,0,110.8833,4.717456363787216,36.9611,Q4,C,Mrs,C,1,NONE,female_P1,39.0,52,1,0,0,0
583,0,2,male,0,54.0,Senior,0,0,1,Solo,1,26.0,3.295836866004329,26.0,Q3,S,Mr,U,0,NONE,male_P2,108.0,26,0,0,0,1
584,0,1,male,0,36.0,Middle,0,0,1,Solo,1,40.125,3.716616209085536,40.125,Q4,C,Mr,A,1,NONE,male_P1,36.0,19,0,0,0,0
585,0,3,male,0,26.0,Young,0,0,1,Solo,1,8.7125,2.2734137156937657,8.7125,Q2,C,Mr,U,0,NONE,male_P3,78.0,19,0,1,0,1
586,1,1,female,1,18.0,Teen,0,2,3,Small,0,79.65,4.390118804571218,26.55,Q4,S,Miss,E,1,NONE,female_P1,18.0,19,1,0,0,0
587,0,2,male,0,47.0,Middle,0,0,1,Solo,1,15.0,2.772588722239781,15.0,Q3,S,Mr,U,0,NONE,male_P2,94.0,23,0,0,0,1
588,1,1,male,0,60.0,Senior,1,1,3,Small,0,79.2,4.384523514872469,26.400000000000002,Q4,C,Mr,B,1,NONE,male_P1,60.0,32,0,0,0,0
589,0,3,male,0,22.0,Young,0,0,1,Solo,1,8.05,2.2027647577118348,8.05,Q2,S,Mr,U,0,NONE,male_P3,66.0,21,0,0,0,1
590,0,3,male,0,26.0,Young,0,0,1,Solo,1,8.05,2.2027647577118348,8.05,Q2,S,Mr,U,0,A,male_P3,78.0,19,0,1,0,1
591,0,3,male,0,35.0,Young,0,0,1,Solo,1,7.125,2.094945728215801,7.125,Q1,S,Mr,U,0,STONO,male_P3,105.0,20,0,0,0,1
592,1,1,female,1,52.0,Senior,1,0,2,Small,0,78.2667,4.37281811610993,39.13335,Q4,C,Mrs,D,1,NONE,female_P1,52.0,47,1,0,0,0
593,0,3,male,0,47.0,Middle,0,0,1,Solo,1,7.25,2.1102132003465894,7.25,Q1,S,Mr,U,0,A,male_P3,141.0,26,0,0,0,1
594,0,3,female,1,18.0,Teen,0,2,3,Small,0,7.75,2.169053700369523,2.5833333333333335,Q1,Q,Miss,U,0,NONE,female_P3,54.0,18,1,1,0,1
595,0,2,male,0,37.0,Middle,1,0,2,Small,0,26.0,3.295836866004329,13.0,Q3,S,Mr,U,0,OTHER,male_P2,74.0,23,0,0,0,1
596,0,3,male,0,36.0,Middle,1,1,3,Small,0,24.15,3.224857896545748,8.049999999999999,Q3,S,Mr,U,0,NONE,male_P3,108.0,27,0,0,0,1
597,1,2,female,1,24.0,Young,0,0,1,Solo,1,33.0,3.5263605246161616,33.0,Q4,S,Miss,U,0,NONE,female_P2,48.0,26,1,1,0,1
598,0,3,male,0,49.0,Middle,0,0,1,Solo,1,0.0,0.0,0.0,Q1,S,Mr,U,0,OTHER,male_P3,147.0,19,0,0,0,1
599,0,3,male,0,26.0,Young,0,0,1,Solo,1,7.225,2.1071782966514356,7.225,Q1,C,Mr,U,0,NONE,male_P3,78.0,17,0,1,0,1
600,1,1,male,0,49.0,Middle,1,0,2,Small,0,56.9292,4.0592215752427645,28.4646,Q4,C,Rare,A,1,PC,male_P1,49.0,44,0,0,0,0
601,1,2,female,1,24.0,Young,2,1,4,Small,0,27.0,3.332204510175204,6.75,Q3,S,Mrs,U,0,NONE,female_P2,48.0,51,1,0,0,1
602,0,3,male,0,26.0,Young,0,0,1,Solo,1,7.8958,2.1855792552411137,7.8958,Q1,S,Mr,U,0,NONE,male_P3,78.0,20,0,1,0,1
603,0,1,male,0,40.0,Middle,0,0,1,Solo,1,42.4,3.770459441106359,42.4,Q4,S,Mr,U,0,NONE,male_P1,40.0,25,0,1,0,1
604,0,3,male,0,44.0,Middle,0,0,1,Solo,1,8.05,2.2027647577118348,8.05,Q2,S,Mr,U,0,NONE,male_P3,132.0,25,0,0,0,1
605,1,1,male,0,35.0,Young,0,0,1,Solo,1,26.55,3.3160025355989236,26.55,Q3,C,Mr,U,0,NONE,male_P1,35.0,31,0,0,0,1
606,0,3,male,0,36.0,Middle,1,0,2,Small,0,15.55,2.806386101823072,7.775,Q3,S,Mr,U,0,NONE,male_P3,108.0,29,0,0,0,1
607,0,3,male,0,30.0,Young,0,0,1,Solo,1,7.8958,2.1855792552411137,7.8958,Q1,S,Mr,U,0,NONE,male_P3,90.0,17,0,0,0,1
608,1,1,male,0,27.0,Young,0,0,1,Solo,1,30.5,3.449987545831587,30.5,Q3,S,Mr,U,0,NONE,male_P1,27.0,27,0,0,0,1
609,1,2,female,1,22.0,Young,1,2,4,Small,0,41.5792,3.7513658711253766,10.3948,Q4,C,Mrs,U,0,SCPARIS,female_P2,44.0,53,1,0,0,1
610,1,1,female,1,40.0,Middle,0,0,1,Solo,1,153.4625,5.039951348430309,153.4625,Q4,S,Miss,C,1,PC,female_P1,40.0,25,1,0,0,0
611,0,3,female,1,39.0,Middle,1,5,7,Large,0,31.275,3.4742929367327062,4.4678571428571425,Q4,S,Mrs,U,0,NONE,female_P3,117.0,57,1,0,0,1
612,0,3,male,0,26.0,Young,0,0,1,Solo,1,7.05,2.085672091430472,7.05,Q1,S,Mr,U,0,SOTONOQ,male_P3,78.0,21,0,1,0,1
613,1,3,female,1,18.0,Teen,1,0,2,Small,0,15.5,2.803360380906535,7.75,Q3,Q,Miss,U,0,NONE,female_P3,54.0,27,1,1,0,1
614,0,3,male,0,26.0,Young,0,0,1,Solo,1,7.75,2.169053700369523,7.75,Q1,Q,Mr,U,0,NONE,male_P3,78.0,16,0,1,0,1
615,0,3,male,0,35.0,Young,0,0,1,Solo,1,8.05,2.2027647577118348,8.05,Q2,S,Mr,U,0,NONE,male_P3,105.0,31,0,0,0,1
616,1,2,female,1,24.0,Young,1,2,4,Small,0,65.0,4.189654742026425,16.25,Q4,S,Miss,U,0,NONE,female_P2,48.0,19,1,0,0,1
617,0,3,male,0,34.0,Young,1,1,3,Small,0,14.4,2.7343675094195836,4.8,Q2,S,Mr,U,0,NONE,male_P3,102.0,25,0,0,0,1
618,0,3,female,1,26.0,Young,1,0,2,Small,0,16.1,2.8390784635086144,8.05,Q3,S,Mrs,U,0,A,female_P3,78.0,47,1,0,0,1
619,1,2,female,1,4.0,Child,2,1,4,Small,0,39.0,3.6888794541139363,9.75,Q4,S,Miss,F,1,NONE,female_P2,8.0,27,1,0,0,0
620,0,2,male,0,26.0,Young,0,0,1,Solo,1,10.5,2.4423470353692043,10.5,Q2,S,Mr,U,0,NONE,male_P2,52.0,19,0,0,0,1
621,0,3,male,0,27.0,Young,1,0,2,Small,0,14.4542,2.737880811060884,7.2271,Q2,C,Mr,U,0,NONE,male_P3,81.0,19,0,0,0,1
622,1,1,male,0,42.0,Middle,1,0,2,Small,0,52.5542,3.9806942251907276,26.2771,Q4,S,Mr,D,1,NONE,male_P1,42.0,28,0,0,0,0
623,1,3,male,0,20.0,Young,1,1,3,Small,0,15.7417,2.817902613071225,5.247233333333333,Q3,C,Mr,U,0,NONE,male_P3,60.0,16,0,0,0,1
624,0,3,male,0,21.0,Young,0,0,1,Solo,1,7.8542,2.180891922715322,7.8542,Q1,S,Mr,U,0,NONE,male_P3,63.0,27,0,0,0,1
625,0,3,male,0,21.0,Young,0,0,1,Solo,1,16.1,2.8390784635086144,16.1,Q3,S,Mr,U,0,NONE,male_P3,63.0,27,0,0,0,1
626,0,1,male,0,61.0,Senior,0,0,1,Solo,1,32.3208,3.5061818266142577,32.3208,Q4,S,Mr,D,1,NONE,male_P1,61.0,21,0,0,0,0
627,0,2,male,0,57.0,Senior,0,0,1,Solo,1,12.35,2.5915163848462583,12.35,Q2,Q,Rare,U,0,NONE,male_P2,114.0,30,0,0,0,1
628,1,1,female,1,21.0,Young,0,0,1,Solo,1,77.9583,4.368919865004903,77.9583,Q4,S,Miss,D,1,NONE,female_P1,21.0,29,1,0,0,0
629,0,3,male,0,26.0,Young,0,0,1,Solo,1,7.8958,2.1855792552411137,7.8958,Q1,S,Mr,U,0,NONE,male_P3,78.0,25,0,0,0,1
630,0,3,male,0,26.0,Young,0,0,1,Solo,1,7.7333,2.167143305297764,7.7333,Q1,Q,Mr,U,0,NONE,male_P3,78.0,24,0,1,0,1
631,1,1,male,0,80.0,Elder,0,0,1,Solo,1,30.0,3.4339872044851463,30.0,Q3,S,Mr,A,1,NONE,male_P1,80.0,36,0,0,0,0
632,0,3,male,0,51.0,Senior,0,0,1,Solo,1,7.0542,2.086193694502369,7.0542,Q1,S,Mr,U,0,NONE,male_P3,153.0,27,0,0,0,1
633,1,1,male,0,32.0,Young,0,0,1,Solo,1,30.5,3.449987545831587,30.5,Q3,C,Rare,B,1,NONE,male_P1,32.0,25,0,0,0,0
634,0,1,male,0,40.0,Middle,0,0,1,Solo,1,0.0,0.0,0.0,Q1,S,Mr,U,0,NONE,male_P1,40.0,29,0,1,0,1
635,0,3,female,1,9.0,Child,3,2,6,Medium,0,27.9,3.3638415951183864,4.6499999999999995,Q3,S,Miss,U,0,NONE,female_P3,27.0,18,1,0,0,1
636,1,2,female,1,28.0,Young,0,0,1,Solo,1,13.0,2.6390573296152584,13.0,Q2,S,Miss,U,0,NONE,female_P2,56.0,17,1,0,0,1
637,0,3,male,0,32.0,Young,0,0,1,Solo,1,7.925,2.188856327665703,7.925,Q2,S,Mr,U,0,STONO,male_P3,96.0,26,0,0,0,1
638,0,2,male,0,31.0,Young,1,1,3,Small,0,26.25,3.305053521109253,8.75,Q3,S,Mr,U,0,CA,male_P2,62.0,19,0,0,0,1
639,0,3,female,1,41.0,Middle,0,5,6,Medium,0,39.6875,3.705920919968788,6.614583333333333,Q4,S,Mrs,U,0,NONE,female_P3,123.0,38,1,0,0,1
640,0,3,male,0,26.0,Young,1,0,2,Small,0,16.1,2.8390784635086144,8.05,Q3,S,Mr,U,0,NONE,male_P3,78.0,26,0,1,0,1
641,0,3,male,0,20.0,Young,0,0,1,Solo,1,7.8542,2.180891922715322,7.8542,Q1,S,Mr,U,0,NONE,male_P3,60.0,22,0,0,0,1
642,1,1,female,1,24.0,Young,0,0,1,Solo,1,69.3,4.252771798816619,69.3,Q4,C,Miss,B,1,PC,female_P1,24.0,20,1,0,0,0
643,0,3,female,1,2.0,Child,3,2,6,Medium,0,27.9,3.3638415951183864,4.6499999999999995,Q3,S,Miss,U,0,NONE,female_P3,6.0,29,1,0,0,1
644,1,3,male,0,26.0,Young,0,0,1,Solo,1,56.4958,4.05171190165724,56.4958,Q4,S,Mr,U,0,NONE,male_P3,78.0,15,0,1,0,1
645,1,3,female,1,0.75,Child,2,1,4,Small,0,19.2583,3.0085645861193133,4.814575,Q3,C,Miss,U,0,NONE,female_P3,2.25,22,1,0,0,1
646,1,1,male,0,48.0,Middle,1,0,2,Small,0,76.7292,4.353230991152628,38.3646,Q4,C,Mr,D,1,PC,male_P1,48.0,25,0,0,0,0
647,0,3,male,0,19.0,Young,0,0,1,Solo,1,7.8958,2.1855792552411137,7.8958,Q1,S,Mr,U,0,NONE,male_P3,57.0,17,0,0,0,1
648,1,1,male,0,56.0,Senior,0,0,1,Solo,1,35.5,3.597312260588446,35.5,Q4,C,Rare,A,1,NONE,male_P1,56.0,35,0,0,0,0
649,0,3,male,0,26.0,Young,0,0,1,Solo,1,7.55,2.145931282948669,7.55,Q1,S,Mr,U,0,OTHER,male_P3,78.0,18,0,1,0,1
650,1,3,female,1,23.0,Young,0,0,1,Solo,1,7.55,2.145931282948669,7.55,Q1,S,Miss,U,0,CA,female_P3,69.0,31,1,0,0,1
651,0,3,male,0,26.0,Young,0,0,1,Solo,1,7.8958,2.1855792552411137,7.8958,Q1,S,Mr,U,0,NONE,male_P3,78.0,17,0,1,0,1
652,1,2,female,1,18.0,Teen,0,1,2,Small,0,23.0,3.1780538303479458,11.5,Q3,S,Miss,U,0,NONE,female_P2,36.0,19,1,0,0,1
653,0,3,male,0,21.0,Young,0,0,1,Solo,1,8.4333,2.2442459824059346,8.4333,Q2,S,Mr,U,0,NONE,male_P3,63.0,30,0,0,0,1
654,1,3,female,1,18.0,Teen,0,0,1,Solo,1,7.8292,2.17806441028492,7.8292,Q1,Q,Miss,U,0,NONE,female_P3,54.0,29,1,1,0,1
655,0,3,female,1,18.0,Teen,0,0,1,Solo,1,6.75,2.0476928433652555,6.75,Q1,Q,Miss,U,0,NONE,female_P3,54.0,28,1,0,0,1
656,0,2,male,0,24.0,Young,2,0,3,Small,0,73.5,4.310799125385514,24.5,Q4,S,Mr,U,0,OTHER,male_P2,48.0,25,0,0,0,1
657,0,3,male,0,26.0,Young,0,0,1,Solo,1,7.8958,2.1855792552411137,7.8958,Q1,S,Mr,U,0,NONE,male_P3,78.0,21,0,1,0,1
658,0,3,female,1,32.0,Young,1,1,3,Small,0,15.5,2.803360380906535,5.166666666666667,Q3,Q,Mrs,U,0,NONE,female_P3,96.0,29,1,0,0,1
659,0,2,male,0,23.0,Young,0,0,1,Solo,1,13.0,2.6390573296152584,13.0,Q2,S,Mr,U,0,NONE,male_P2,46.0,28,0,0,0,1
660,0,1,male,0,58.0,Senior,0,2,3,Small,0,113.275,4.738607824217808,37.75833333333333,Q4,C,Mr,D,1,NONE,male_P1,58.0,26,0,0,0,0
661,1,1,male,0,50.0,Middle,2,0,3,Small,0,133.65,4.902678819257608,44.550000000000004,Q4,S,Rare,U,0,PC,male_P1,50.0,29,0,0,0,1
662,0,3,male,0,40.0,Middle,0,0,1,Solo,1,7.225,2.1071782966514356,7.225,Q1,C,Mr,U,0,NONE,male_P3,120.0,17,0,0,0,1
663,0,1,male,0,47.0,Middle,0,0,1,Solo,1,25.5875,3.2804411805263554,25.5875,Q3,S,Mr,E,1,NONE,male_P1,47.0,26,0,0,0,0
664,0,3,male,0,36.0,Middle,0,0,1,Solo,1,7.4958,2.139571923732859,7.4958,Q1,S,Mr,U,0,NONE,male_P3,108.0,16,0,0,0,1
665,1,3,male,0,20.0,Young,1,0,2,Small,0,7.925,2.188856327665703,3.9625,Q2,S,Mr,U,0,STONO,male_P3,60.0,27,0,0,0,1
666,0,2,male,0,32.0,Young,2,0,3,Small,0,73.5,4.310799125385514,24.5,Q4,S,Mr,U,0,OTHER,male_P2,64.0,18,0,0,0,1
667,0,2,male,0,25.0,Young,0,0,1,Solo,1,13.0,2.6390573296152584,13.0,Q2,S,Mr,U,0,NONE,male_P2,50.0,27,0,0,0,1
668,0,3,male,0,26.0,Young,0,0,1,Solo,1,7.775,2.1719067693519296,7.775,Q1,S,Mr,U,0,NONE,male_P3,78.0,26,0,1,0,1
669,0,3,male,0,43.0,Middle,0,0,1,Solo,1,8.05,2.2027647577118348,8.05,Q2,S,Mr,U,0,A,male_P3,129.0,15,0,0,0,1
670,1,1,female,1,40.0,Middle,1,0,2,Small,0,52.0,3.970291913552122,26.0,Q4,S,Mrs,C,1,NONE,female_P1,40.0,49,1,1,0,0
671,1,2,female,1,40.0,Middle,1,1,3,Small,0,39.0,3.6888794541139363,13.0,Q4,S,Mrs,U,0,NONE,female_P2,80.0,61,1,0,0,1
672,0,1,male,0,31.0,Young,1,0,2,Small,0,52.0,3.970291913552122,26.0,Q4,S,Mr,B,1,OTHER,male_P1,31.0,22,0,0,0,0
673,0,2,male,0,70.0,Elder,0,0,1,Solo,1,10.5,2.4423470353692043,10.5,Q2,S,Mr,U,0,CA,male_P2,140.0,27,0,0,0,1
674,1,2,male,0,31.0,Young,0,0,1,Solo,1,13.0,2.6390573296152584,13.0,Q2,S,Mr,U,0,NONE,male_P2,62.0,21,0,0,0,1
675,0,2,male,0,31.0,Young,0,0,1,Solo,1,0.0,0.0,0.0,Q1,S,Mr,U,0,NONE,male_P2,62.0,26,0,1,0,1
676,0,3,male,0,18.0,Teen,0,0,1,Solo,1,7.775,2.1719067693519296,7.775,Q1,S,Mr,U,0,NONE,male_P3,54.0,30,0,0,0,1
677,0,3,male,0,24.5,Young,0,0,1,Solo,1,8.05,2.2027647577118348,8.05,Q2,S,Mr,U,0,NONE,male_P3,73.5,29,0,0,0,1
678,1,3,female,1,18.0,Teen,0,0,1,Solo,1,9.8417,2.3833998102837652,9.8417,Q2,S,Miss,U,0,NONE,female_P3,54.0,23,1,0,0,1
679,0,3,female,1,43.0,Middle,1,6,8,Large,0,46.9,3.8691155044168695,5.8625,Q4,S,Mrs,U,0,CA,female_P3,129.0,39,1,0,0,1
680,1,1,male,0,36.0,Middle,0,1,2,Small,0,512.3292,6.240917354759096,256.1646,Q4,C,Mr,B,1,PC,male_P1,36.0,34,0,0,0,0
681,0,3,female,1,18.0,Teen,0,0,1,Solo,1,8.1375,2.212386825075897,8.1375,Q2,Q,Miss,U,0,NONE,female_P3,54.0,19,1,1,0,1
682,1,1,male,0,27.0,Young,0,0,1,Solo,1,76.7292,4.353230991152628,76.7292,Q4,C,Mr,D,1,PC,male_P1,27.0,18,0,0,0,0
683,0,3,male,0,20.0,Young,0,0,1,Solo,1,9.225,2.3248357019288655,9.225,Q2,S,Mr,U,0,NONE,male_P3,60.0,27,0,0,0,1
684,0,3,male,0,14.0,Teen,5,2,8,Large,0,46.9,3.8691155044168695,5.8625,Q4,S,Mr,U,0,CA,male_P3,42.0,27,1,0,0,1
685,0,2,male,0,60.0,Senior,1,1,3,Small,0,39.0,3.6888794541139363,13.0,Q4,S,Mr,U,0,NONE,male_P2,120.0,33,0,0,0,1
686,0,2,male,0,25.0,Young,1,2,4,Small,0,41.5792,3.7513658711253766,10.3948,Q4,C,Mr,U,0,SCPARIS,male_P2,50.0,38,0,0,0,1
687,0,3,male,0,14.0,Teen,4,1,6,Medium,0,39.6875,3.705920919968788,6.614583333333333,Q4,S,Mr,U,0,NONE,male_P3,42.0,24,1,0,0,1
688,0,3,male,0,19.0,Young,0,0,1,Solo,1,10.1708,2.4133032309283076,10.1708,Q2,S,Mr,U,0,NONE,male_P3,57.0,17,0,0,0,1
689,0,3,male,0,18.0,Teen,0,0,1,Solo,1,7.7958,2.174274334826008,7.7958,Q1,S,Mr,U,0,NONE,male_P3,54.0,31,0,0,0,1
690,1,1,female,1,15.0,Teen,0,1,2,Small,0,211.3375,5.35817698994543,105.66875,Q4,S,Miss,B,1,NONE,female_P1,15.0,33,1,0,0,0
691,1,1,male,0,31.0,Young,1,0,2,Small,0,57.0,4.060443010546419,28.5,Q4,S,Mr,B,1,NONE,male_P1,31.0,23,0,0,0,0
692,1,3,female,1,4.0,Child,0,1,2,Small,0,13.4167,2.668387256845834,6.70835,Q2,C,Miss,U,0,NONE,female_P3,12.0,18,1,0,0,1
693,1,3,male,0,26.0,Young,0,0,1,Solo,1,56.4958,4.05171190165724,56.4958,Q4,S,Mr,U,0,NONE,male_P3,78.0,12,0,1,0,1
694,0,3,male,0,25.0,Young,0,0,1,Solo,1,7.225,2.1071782966514356,7.225,Q1,C,Mr,U,0,NONE,male_P3,75.0,16,0,0,0,1
695,0,1,male,0,60.0,Senior,0,0,1,Solo,1,26.55,3.3160025355989236,26.55,Q3,S,Rare,U,0,NONE,male_P1,60.0,15,0,0,0,1
696,0,2,male,0,52.0,Senior,0,0,1,Solo,1,13.5,2.6741486494265287,13.5,Q2,S,Mr,U,0,NONE,male_P2,104.0,26,0,0,0,1
697,0,3,male,0,44.0,Middle,0,0,1,Solo,1,8.05,2.2027647577118348,8.05,Q2,S,Mr,U,0,NONE,male_P3,132.0,16,0,0,0,1
698,1,3,female,1,18.0,Teen,0,0,1,Solo,1,7.7333,2.167143305297764,7.7333,Q1,Q,Miss,U,0,NONE,female_P3,54.0,32,1,1,0,1
699,0,1,male,0,49.0,Middle,1,1,3,Small,0,110.8833,4.717456363787216,36.9611,Q4,C,Mr,C,1,NONE,male_P1,49.0,24,0,0,0,0
700,0,3,male,0,42.0,Middle,0,0,1,Solo,1,7.65,2.157559320943788,7.65,Q1,S,Mr,F,1,NONE,male_P3,126.0,40,0,0,0,0
701,1,1,female,1,18.0,Teen,1,0,2,Small,0,227.525,5.4316456135398825,113.7625,Q4,C,Mrs,C,1,PC,female_P1,18.0,49,1,0,0,0
702,1,1,male,0,35.0,Young,0,0,1,Solo,1,26.2875,3.3064287218760624,26.2875,Q3,S,Mr,E,1,PC,male_P1,35.0,32,0,0,0,0
703,0,3,female,1,18.0,Teen,0,1,2,Small,0,14.4542,2.737880811060884,7.2271,Q2,C,Miss,U,0,NONE,female_P3,54.0,21,1,0,0,1
704,0,3,male,0,25.0,Young,0,0,1,Solo,1,7.7417,2.1681046787623672,7.7417,Q1,Q,Mr,U,0,NONE,male_P3,75.0,21,0,0,0,1
705,0,3,male,0,26.0,Young,1,0,2,Small,0,7.8542,2.180891922715322,3.9271,Q1,S,Mr,U,0,NONE,male_P3,78.0,23,0,0,0,1
706,0,2,male,0,39.0,Middle,0,0,1,Solo,1,26.0,3.295836866004329,26.0,Q3,S,Mr,U,0,NONE,male_P2,78.0,46,0,0,0,1
707,1,2,female,1,45.0,Middle,0,0,1,Solo,1,13.5,2.6741486494265287,13.5,Q2,S,Mrs,U,0,NONE,female_P2,90.0,29,1,0,0,1
708,1,1,male,0,42.0,Middle,0,0,1,Solo,1,26.2875,3.3064287218760624,26.2875,Q3,S,Mr,E,1,PC,male_P1,42.0,33,0,0,0,0
709,1,1,female,1,22.0,Young,0,0,1,Solo,1,151.55,5.027492411162679,151.55,Q4,S,Miss,U,0,NONE,female_P1,22.0,20,1,0,0,1
710,1,3,male,0,4.0,Child,1,1,3,Small,0,15.2458,2.7878344138303452,5.081933333333333,Q3,C,Master,U,0,NONE,male_P3,12.0,49,1,1,0,1
711,1,1,female,1,24.0,Young,0,0,1,Solo,1,49.5042,3.922056501139853,49.5042,Q4,C,Miss,C,1,PC,female_P1,24.0,48,1,0,0,0
712,0,1,male,0,40.0,Middle,0,0,1,Solo,1,26.55,3.3160025355989236,26.55,Q3,S,Mr,C,1,NONE,male_P1,40.0,18,0,1,0,0
713,1,1,male,0,48.0,Middle,1,0,2,Small,0,52.0,3.970291913552122,26.0,Q4,S,Mr,C,1,NONE,male_P1,48.0,24,0,0,0,0
714,0,3,male,0,29.0,Young,0,0,1,Solo,1,9.4833,2.3497835148230464,9.4833,Q2,S,Mr,U,0,NONE,male_P3,87.0,26,0,0,0,1
715,0,2,male,0,52.0,Senior,0,0,1,Solo,1,13.0,2.6390573296152584,13.0,Q2,S,Mr,U,0,NONE,male_P2,104.0,21,0,0,0,1
716,0,3,male,0,19.0,Young,0,0,1,Solo,1,7.65,2.157559320943788,7.65,Q1,S,Mr,F,1,NONE,male_P3,57.0,42,0,0,0,0
717,1,1,female,1,38.0,Middle,0,0,1,Solo,1,227.525,5.4316456135398825,227.525,Q4,C,Miss,C,1,PC,female_P1,38.0,29,1,0,0,0
718,1,2,female,1,27.0,Young,0,0,1,Solo,1,10.5,2.4423470353692043,10.5,Q2,S,Miss,E,1,NONE,female_P2,54.0,35,1,0,0,0
719,0,3,male,0,26.0,Young,0,0,1,Solo,1,15.5,2.803360380906535,15.5,Q3,Q,Mr,U,0,NONE,male_P3,78.0,19,0,1,0,1
720,0,3,male,0,33.0,Young,0,0,1,Solo,1,7.775,2.1719067693519296,7.775,Q1,S,Mr,U,0,NONE,male_P3,99.0,28,0,0,0,1
721,1,2,female,1,6.0,Child,0,1,2,Small,0,33.0,3.5263605246161616,16.5,Q4,S,Miss,U,0,NONE,female_P2,12.0,33,1,0,0,1
722,0,3,male,0,17.0,Teen,1,0,2,Small,0,7.0542,2.086193694502369,3.5271,Q1,S,Mr,U,0,NONE,male_P3,51.0,25,0,0,0,1
723,0,2,male,0,34.0,Young,0,0,1,Solo,1,13.0,2.6390573296152584,13.0,Q2,S,Mr,U,0,NONE,male_P2,68.0,28,0,0,0,1
724,0,2,male,0,50.0,Middle,0,0,1,Solo,1,13.0,2.6390573296152584,13.0,Q2,S,Mr,U,0,NONE,male_P2,100.0,23,0,0,0,1
725,1,1,male,0,27.0,Young,1,0,2,Small,0,53.1,3.9908341858524357,26.55,Q4,S,Mr,E,1,NONE,male_P1,27.0,29,0,0,0,0
726,0,3,male,0,20.0,Young,0,0,1,Solo,1,8.6625,2.2682524139135403,8.6625,Q2,S,Mr,U,0,NONE,male_P3,60.0,19,0,0,0,1
727,1,2,female,1,30.0,Young,3,0,4,Small,0,21.0,3.091042453358316,5.25,Q3,S,Mrs,U,0,NONE,female_P2,60.0,43,1,0,0,1
728,1,3,female,1,18.0,Teen,0,0,1,Solo,1,7.7375,2.1676241075599285,7.7375,Q1,Q,Miss,U,0,NONE,female_P3,54.0,24,1,1,0,1
729,0,2,male,0,25.0,Young,1,0,2,Small,0,26.0,3.295836866004329,13.0,Q3,S,Mr,U,0,NONE,male_P2,50.0,31,0,0,0,1
730,0,3,female,1,25.0,Young,1,0,2,Small,0,7.925,2.188856327665703,3.9625,Q2,S,Miss,U,0,STONO,female_P3,75.0,29,1,0,0,1
731,1,1,female,1,29.0,Young,0,0,1,Solo,1,211.3375,5.35817698994543,211.3375,Q4,S,Miss,B,1,NONE,female_P1,29.0,29,1,0,0,0
732,0,3,male,0,11.0,Child,0,0,1,Solo,1,18.7875,2.9850504252071306,18.7875,Q3,C,Mr,U,0,NONE,male_P3,33.0,24,1,0,0,1
733,0,2,male,0,31.0,Young,0,0,1,Solo,1,0.0,0.0,0.0,Q1,S,Mr,U,0,NONE,male_P2,62.0,20,0,1,0,1
734,0,2,male,0,23.0,Young,0,0,1,Solo,1,13.0,2.6390573296152584,13.0,Q2,S,Mr,U,0,NONE,male_P2,46.0,26,0,0,0,1
735,0,2,male,0,23.0,Young,0,0,1,Solo,1,13.0,2.6390573296152584,13.0,Q2,S,Mr,U,0,NONE,male_P2,46.0,28,0,0,0,1
736,0,3,male,0,28.5,Young,0,0,1,Solo,1,16.1,2.8390784635086144,16.1,Q3,S,Mr,U,0,NONE,male_P3,85.5,20,0,0,0,1
737,0,3,female,1,48.0,Middle,1,3,5,Medium,0,34.375,3.5660053559634015,6.875,Q4,S,Mrs,U,0,WC,female_P3,144.0,39,1,0,0,1
738,1,1,male,0,35.0,Young,0,0,1,Solo,1,512.3292,6.240917354759096,512.3292,Q4,C,Mr,B,1,PC,male_P1,35.0,22,0,0,0,0
739,0,3,male,0,26.0,Young,0,0,1,Solo,1,7.8958,2.1855792552411137,7.8958,Q1,S,Mr,U,0,NONE,male_P3,78.0,18,0,1,0,1
740,0,3,male,0,26.0,Young,0,0,1,Solo,1,7.8958,2.1855792552411137,7.8958,Q1,S,Mr,U,0,NONE,male_P3,78.0,18,0,1,0,1
741,1,1,male,0,40.0,Middle,0,0,1,Solo,1,30.0,3.4339872044851463,30.0,Q3,S,Mr,D,1,NONE,male_P1,40.0,27,0,1,0,0
742,0,1,male,0,36.0,Middle,1,0,2,Small,0,78.85,4.380149874661021,39.425,Q4,S,Mr,C,1,NONE,male_P1,36.0,29,0,0,0,0
743,1,1,female,1,21.0,Young,2,2,5,Medium,0,262.375,5.5735788721243535,52.475,Q4,C,Miss,B,1,PC,female_P1,21.0,37,1,0,0,0
744,0,3,male,0,24.0,Young,1,0,2,Small,0,16.1,2.8390784635086144,8.05,Q3,S,Mr,U,0,NONE,male_P3,72.0,17,0,0,0,1
745,1,3,male,0,31.0,Young,0,0,1,Solo,1,7.925,2.188856327665703,7.925,Q2,S,Mr,U,0,STONO,male_P3,93.0,18,0,0,0,1
746,0,1,male,0,70.0,Elder,1,1,3,Small,0,71.0,4.276666119016055,23.666666666666668,Q4,S,Rare,B,1,OTHER,male_P1,70.0,28,0,0,0,0
747,0,3,male,0,16.0,Teen,1,1,3,Small,0,20.25,3.056356895370426,6.75,Q3,S,Mr,U,0,CA,male_P3,48.0,27,0,0,0,1
748,1,2,female,1,30.0,Young,0,0,1,Solo,1,13.0,2.6390573296152584,13.0,Q2,S,Miss,U,0,NONE,female_P2,60.0,21,1,0,0,1
749,0,1,male,0,19.0,Young,1,0,2,Small,0,53.1,3.9908341858524357,26.55,Q4,S,Mr,D,1,NONE,male_P1,19.0,25,0,0,0,0
750,0,3,male,0,31.0,Young,0,0,1,Solo,1,7.75,2.169053700369523,7.75,Q1,Q,Mr,U,0,NONE,male_P3,93.0,23,0,0,0,1
751,1,2,female,1,4.0,Child,1,1,3,Small,0,23.0,3.1780538303479458,7.666666666666667,Q3,S,Miss,U,0,NONE,female_P2,8.0,17,1,0,0,1
752,1,3,male,0,6.0,Child,0,1,2,Small,0,12.475,2.600836116795061,6.2375,Q2,S,Master,E,1,NONE,male_P3,18.0,19,1,0,0,0
753,0,3,male,0,33.0,Young,0,0,1,Solo,1,9.5,2.3513752571634776,9.5,Q2,S,Mr,U,0,NONE,male_P3,99.0,32,0,0,0,1
754,0,3,male,0,23.0,Young,0,0,1,Solo,1,7.8958,2.1855792552411137,7.8958,Q1,S,Mr,U,0,NONE,male_P3,69.0,18,0,0,0,1
755,1,2,female,1,48.0,Middle,1,2,4,Small,0,65.0,4.189654742026425,16.25,Q4,S,Mrs,U,0,NONE,female_P2,96.0,32,1,0,0,1
756,1,2,male,0,0.67,Child,1,1,3,Small,0,14.5,2.740840023925201,4.833333333333333,Q3,S,Master,U,0,NONE,male_P2,1.34,25,1,0,0,1
757,0,3,male,0,28.0,Young,0,0,1,Solo,1,7.7958,2.174274334826008,7.7958,Q1,S,Mr,U,0,NONE,male_P3,84.0,28,0,0,0,1
758,0,2,male,0,18.0,Teen,0,0,1,Solo,1,11.5,2.5257286443082556,11.5,Q2,S,Mr,U,0,NONE,male_P2,36.0,24,0,0,0,1
759,0,3,male,0,34.0,Young,0,0,1,Solo,1,8.05,2.2027647577118348,8.05,Q2,S,Mr,U,0,NONE,male_P3,102.0,28,0,0,0,1
760,1,1,female,1,33.0,Young,0,0,1,Solo,1,86.5,4.471638793363569,86.5,Q4,S,Rare,B,1,NONE,female_P1,33.0,56,1,0,0,0
761,0,3,male,0,26.0,Young,0,0,1,Solo,1,14.5,2.740840023925201,14.5,Q3,S,Mr,U,0,NONE,male_P3,78.0,18,0,1,0,1
762,0,3,male,0,41.0,Middle,0,0,1,Solo,1,7.125,2.094945728215801,7.125,Q1,S,Mr,U,0,OTHER,male_P3,123.0,30,0,0,0,1
763,1,3,male,0,20.0,Young,0,0,1,Solo,1,7.2292,2.1076888046179385,7.2292,Q1,C,Mr,U,0,NONE,male_P3,60.0,21,0,0,0,1
764,1,1,female,1,36.0,Middle,1,2,4,Small,0,120.0,4.795790545596741,30.0,Q4,S,Mrs,B,1,NONE,female_P1,36.0,41,1,0,0,0
765,0,3,male,0,16.0,Teen,0,0,1,Solo,1,7.775,2.1719067693519296,7.775,Q1,S,Mr,U,0,NONE,male_P3,48.0,22,0,0,0,1
766,1,1,female,1,51.0,Senior,1,0,2,Small,0,77.9583,4.368919865004903,38.97915,Q4,S,Mrs,D,1,NONE,female_P1,51.0,36,1,0,0,0
767,0,1,male,0,49.0,Middle,0,0,1,Solo,1,39.6,3.703768066607687,39.6,Q4,C,Rare,U,0,NONE,male_P1,49.0,25,0,1,0,1
768,0,3,female,1,30.5,Young,0,0,1,Solo,1,7.75,2.169053700369523,7.75,Q1,Q,Miss,U,0,NONE,female_P3,91.5,18,1,0,0,1
769,0,3,male,0,26.0,Young,1,0,2,Small,0,24.15,3.224857896545748,12.075,Q3,Q,Mr,U,0,NONE,male_P3,78.0,19,0,1,0,1
770,0,3,male,0,32.0,Young,0,0,1,Solo,1,8.3625,2.236712348843338,8.3625,Q2,S,Mr,U,0,NONE,male_P3,96.0,32,0,0,0,1
771,0,3,male,0,24.0,Young,0,0,1,Solo,1,9.5,2.3513752571634776,9.5,Q2,S,Mr,U,0,NONE,male_P3,72.0,22,0,0,0,1
772,0,3,male,0,48.0,Middle,0,0,1,Solo,1,7.8542,2.180891922715322,7.8542,Q1,S,Mr,U,0,NONE,male_P3,144.0,23,0,0,0,1
773,0,2,female,1,57.0,Senior,0,0,1,Solo,1,10.5,2.4423470353692043,10.5,Q2,S,Mrs,E,1,OTHER,female_P2,114.0,17,1,0,0,0
774,0,3,male,0,26.0,Young,0,0,1,Solo,1,7.225,2.1071782966514356,7.225,Q1,C,Mr,U,0,NONE,male_P3,78.0,15,0,1,0,1
775,1,2,female,1,54.0,Senior,1,3,5,Medium,0,23.0,3.1780538303479458,4.6,Q3,S,Mrs,U,0,NONE,female_P2,108.0,37,1,0,0,1
776,0,3,male,0,18.0,Teen,0,0,1,Solo,1,7.75,2.169053700369523,7.75,Q1,S,Mr,U,0,NONE,male_P3,54.0,39,0,0,0,1
777,0,3,male,0,26.0,Young,0,0,1,Solo,1,7.75,2.169053700369523,7.75,Q1,Q,Mr,F,1,NONE,male_P3,78.0,16,0,1,0,0
778,1,3,female,1,5.0,Child,0,0,1,Solo,1,12.475,2.600836116795061,12.475,Q2,S,Miss,U,0,NONE,female_P3,15.0,29,1,0,0,1
779,0,3,male,0,26.0,Young,0,0,1,Solo,1,7.7375,2.1676241075599285,7.7375,Q1,Q,Mr,U,0,NONE,male_P3,78.0,23,0,1,0,1
780,1,1,female,1,43.0,Middle,0,1,2,Small,0,211.3375,5.35817698994543,105.66875,Q4,S,Mrs,B,1,NONE,female_P1,43.0,53,1,0,0,0
781,1,3,female,1,13.0,Teen,0,0,1,Solo,1,7.2292,2.1076888046179385,7.2292,Q1,C,Miss,U,0,NONE,female_P3,39.0,20,1,0,0,1
782,1,1,female,1,17.0,Teen,1,0,2,Small,0,57.0,4.060443010546419,28.5,Q4,S,Mrs,B,1,NONE,female_P1,17.0,41,1,0,0,0
783,0,1,male,0,29.0,Young,0,0,1,Solo,1,30.0,3.4339872044851463,30.0,Q3,S,Mr,D,1,NONE,male_P1,29.0,22,0,0,0,0
784,0,3,male,0,26.0,Young,1,2,4,Small,0,23.45,3.196630215920881,5.8625,Q3,S,Mr,U,0,WC,male_P3,78.0,22,0,1,0,1
785,0,3,male,0,25.0,Young,0,0,1,Solo,1,7.05,2.085672091430472,7.05,Q1,S,Mr,U,0,SOTONOQ,male_P3,75.0,16,0,0,0,1
786,0,3,male,0,25.0,Young,0,0,1,Solo,1,7.25,2.1102132003465894,7.25,Q1,S,Mr,U,0,NONE,male_P3,75.0,34,0,0,0,1
787,1,3,female,1,18.0,Teen,0,0,1,Solo,1,7.4958,2.139571923732859,7.4958,Q1,S,Miss,U,0,NONE,female_P3,54.0,25,1,0,0,1
788,0,3,male,0,8.0,Child,4,1,6,Medium,0,29.125,3.405355391810819,4.854166666666667,Q3,Q,Master,U,0,NONE,male_P3,24.0,25,1,0,0,1
789,1,3,male,0,1.0,Child,1,2,4,Small,0,20.575,3.0715352369694915,5.14375,Q3,S,Master,U,0,CA,male_P3,3.0,26,1,0,0,1
790,0,1,male,0,46.0,Middle,0,0,1,Solo,1,79.2,4.384523514872469,79.2,Q4,C,Mr,B,1,PC,male_P1,46.0,24,0,0,0,0
791,0,3,male,0,26.0,Young,0,0,1,Solo,1,7.75,2.169053700369523,7.75,Q1,Q,Mr,U,0,NONE,male_P3,78.0,24,0,1,0,1
792,0,2,male,0,16.0,Teen,0,0,1,Solo,1,26.0,3.295836866004329,26.0,Q3,S,Mr,U,0,NONE,male_P2,32.0,19,0,0,0,1
793,0,3,female,1,18.0,Teen,8,2,11,Large,0,69.55,4.256321678298823,6.322727272727272,Q4,S,Miss,U,0,CA,female_P3,54.0,23,1,1,0,1
794,0,1,male,0,40.0,Middle,0,0,1,Solo,1,30.6958,3.4561841799918147,30.6958,Q3,C,Mr,U,0,PC,male_P1,40.0,24,0,1,0,1
795,0,3,male,0,25.0,Young,0,0,1,Solo,1,7.8958,2.1855792552411137,7.8958,Q1,S,Mr,U,0,NONE,male_P3,75.0,21,0,0,0,1
796,0,2,male,0,39.0,Middle,0,0,1,Solo,1,13.0,2.6390573296152584,13.0,Q2,S,Mr,U,0,NONE,male_P2,78.0,18,0,0,0,1
797,1,1,female,1,49.0,Middle,0,0,1,Solo,1,25.9292,3.2932111997353943,25.9292,Q3,S,Rare,D,1,NONE,female_P1,49.0,27,1,0,0,0
798,1,3,female,1,31.0,Young,0,0,1,Solo,1,8.6833,2.270402752283094,8.6833,Q2,S,Mrs,U,0,NONE,female_P3,93.0,16,1,0,0,1
799,0,3,male,0,30.0,Young,0,0,1,Solo,1,7.2292,2.1076888046179385,7.2292,Q1,C,Mr,U,0,NONE,male_P3,90.0,28,0,0,0,1
800,0,3,female,1,30.0,Young,1,1,3,Small,0,24.15,3.224857896545748,8.049999999999999,Q3,S,Mrs,U,0,NONE,female_P3,90.0,52,1,0,0,1
801,0,2,male,0,34.0,Young,0,0,1,Solo,1,13.0,2.6390573296152584,13.0,Q2,S,Mr,U,0,NONE,male_P2,68.0,20,0,0,0,1
802,1,2,female,1,31.0,Young,1,1,3,Small,0,26.25,3.305053521109253,8.75,Q3,S,Mrs,U,0,CA,female_P2,62.0,43,1,0,0,1
803,1,1,male,0,11.0,Child,1,2,4,Small,0,120.0,4.795790545596741,30.0,Q4,S,Master,B,1,NONE,male_P1,11.0,35,1,0,0,0
804,1,3,male,0,0.42,Child,0,1,2,Small,0,8.5167,2.2530481500547457,4.25835,Q2,C,Master,U,0,NONE,male_P3,1.26,31,1,0,0,1
805,1,3,male,0,27.0,Young,0,0,1,Solo,1,6.975,2.076311648670908,6.975,Q1,S,Mr,U,0,NONE,male_P3,81.0,23,0,0,0,1
806,0,3,male,0,31.0,Young,0,0,1,Solo,1,7.775,2.1719067693519296,7.775,Q1,S,Mr,U,0,NONE,male_P3,93.0,25,0,0,0,1
807,0,1,male,0,39.0,Middle,0,0,1,Solo,1,0.0,0.0,0.0,Q1,S,Mr,A,1,NONE,male_P1,39.0,22,0,0,0,0
808,0,3,female,1,18.0,Teen,0,0,1,Solo,1,7.775,2.1719067693519296,7.775,Q1,S,Miss,U,0,NONE,female_P3,54.0,31,1,0,0,1
809,0,2,male,0,39.0,Middle,0,0,1,Solo,1,13.0,2.6390573296152584,13.0,Q2,S,Mr,U,0,NONE,male_P2,78.0,17,0,0,0,1
810,1,1,female,1,33.0,Young,1,0,2,Small,0,53.1,3.9908341858524357,26.55,Q4,S,Mrs,E,1,NONE,female_P1,33.0,46,1,0,0,0
811,0,3,male,0,26.0,Young,0,0,1,Solo,1,7.8875,2.1846457951293594,7.8875,Q1,S,Mr,U,0,NONE,male_P3,78.0,22,0,0,0,1
812,0,3,male,0,39.0,Middle,0,0,1,Solo,1,24.15,3.224857896545748,24.15,Q3,S,Mr,U,0,A,male_P3,117.0,17,0,0,0,1
813,0,2,male,0,35.0,Young,0,0,1,Solo,1,10.5,2.4423470353692043,10.5,Q2,S,Mr,U,0,NONE,male_P2,70.0,25,0,0,0,1
814,0,3,female,1,6.0,Child,4,2,7,Large,0,31.275,3.4742929367327062,4.4678571428571425,Q4,S,Miss,U,0,NONE,female_P3,18.0,34,1,0,0,1
815,0,3,male,0,30.5,Young,0,0,1,Solo,1,8.05,2.2027647577118348,8.05,Q2,S,Mr,U,0,NONE,male_P3,91.5,26,0,0,0,1
816,0,1,male,0,40.0,Middle,0,0,1,Solo,1,0.0,0.0,0.0,Q1,S,Mr,B,1,NONE,male_P1,40.0,16,0,1,0,0
817,0,3,female,1,23.0,Young,0,0,1,Solo,1,7.925,2.188856327665703,7.925,Q2,S,Miss,U,0,STONO,female_P3,69.0,28,1,0,0,1
818,0,2,male,0,31.0,Young,1,1,3,Small,0,37.0042,3.637696679934592,12.334733333333332,Q4,C,Mr,U,0,SCPARIS,male_P2,62.0,18,0,0,0,1
819,0,3,male,0,43.0,Middle,0,0,1,Solo,1,6.45,2.0082140323914683,6.45,Q1,S,Mr,U,0,OTHER,male_P3,129.0,32,0,0,0,1
820,0,3,male,0,10.0,Child,3,2,6,Medium,0,27.9,3.3638415951183864,4.6499999999999995,Q3,S,Master,U,0,NONE,male_P3,30.0,28,1,0,0,1
821,1,1,female,1,52.0,Senior,1,1,3,Small,0,93.5,4.548599834499697,31.166666666666668,Q4,S,Mrs,B,1,NONE,female_P1,52.0,50,1,0,0,0
822,1,3,male,0,27.0,Young,0,0,1,Solo,1,8.6625,2.2682524139135403,8.6625,Q2,S,Mr,U,0,NONE,male_P3,81.0,17,0,0,0,1
823,0,1,male,0,38.0,Middle,0,0,1,Solo,1,0.0,0.0,0.0,Q1,S,Rare,U,0,NONE,male_P1,38.0,31,0,0,0,1
824,1,3,female,1,27.0,Young,0,1,2,Small,0,12.475,2.600836116795061,6.2375,Q2,S,Mrs,E,1,NONE,female_P3,81.0,18,1,0,0,0
825,0,3,male,0,2.0,Child,4,1,6,Medium,0,39.6875,3.705920919968788,6.614583333333333,Q4,S,Master,U,0,NONE,male_P3,6.0,28,1,0,0,1
826,0,3,male,0,26.0,Young,0,0,1,Solo,1,6.95,2.0731719286662407,6.95,Q1,Q,Mr,U,0,NONE,male_P3,78.0,15,0,1,0,1
827,0,3,male,0,26.0,Young,0,0,1,Solo,1,56.4958,4.05171190165724,56.4958,Q4,S,Mr,U,0,NONE,male_P3,78.0,12,0,1,0,1
828,1,2,male,0,1.0,Child,0,2,3,Small,0,37.0042,3.637696679934592,12.334733333333332,Q4,C,Master,U,0,SCPARIS,male_P2,2.0,21,1,0,0,1
829,1,3,male,0,26.0,Young,0,0,1,Solo,1,7.75,2.169053700369523,7.75,Q1,Q,Mr,U,0,NONE,male_P3,78.0,28,0,1,0,1
830,1,1,female,1,62.0,Senior,0,0,1,Solo,1,80.0,4.394449154672439,80.0,Q4,S,Mrs,B,1,NONE,female_P1,62.0,41,1,0,0,0
831,1,3,female,1,15.0,Teen,1,0,2,Small,0,14.4542,2.737880811060884,7.2271,Q2,C,Mrs,U,0,NONE,female_P3,45.0,39,1,0,0,1
832,1,2,male,0,0.83,Child,1,1,3,Small,0,18.75,2.9831534913471307,6.25,Q3,S,Master,U,0,NONE,male_P2,1.66,31,1,0,0,1
833,0,3,male,0,26.0,Young,0,0,1,Solo,1,7.2292,2.1076888046179385,7.2292,Q1,C,Mr,U,0,NONE,male_P3,78.0,14,0,1,0,1
834,0,3,male,0,23.0,Young,0,0,1,Solo,1,7.8542,2.180891922715322,7.8542,Q1,S,Mr,U,0,NONE,male_P3,69.0,22,0,0,0,1
835,0,3,male,0,18.0,Teen,0,0,1,Solo,1,8.3,2.2300144001592104,8.3,Q2,S,Mr,U,0,NONE,male_P3,54.0,22,0,0,0,1
836,1,1,female,1,39.0,Middle,1,1,3,Small,0,83.1583,4.432699549165613,27.71943333333333,Q4,C,Miss,E,1,PC,female_P1,39.0,27,1,0,0,0
837,0,3,male,0,21.0,Young,0,0,1,Solo,1,8.6625,2.2682524139135403,8.6625,Q2,S,Mr,U,0,NONE,male_P3,63.0,16,0,0,0,1
838,0,3,male,0,26.0,Young,0,0,1,Solo,1,8.05,2.2027647577118348,8.05,Q2,S,Mr,U,0,NONE,male_P3,78.0,19,0,1,0,1
839,1,3,male,0,32.0,Young,0,0,1,Solo,1,56.4958,4.05171190165724,56.4958,Q4,S,Mr,U,0,NONE,male_P3,96.0,15,0,0,0,1
840,1,1,male,0,40.0,Middle,0,0,1,Solo,1,29.7,3.4242626545931514,29.7,Q3,C,Mr,C,1,NONE,male_P1,40.0,20,0,1,0,0
841,0,3,male,0,20.0,Young,0,0,1,Solo,1,7.925,2.188856327665703,7.925,Q2,S,Mr,U,0,OTHER,male_P3,60.0,27,0,0,0,1
842,0,2,male,0,16.0,Teen,0,0,1,Solo,1,10.5,2.4423470353692043,10.5,Q2,S,Mr,U,0,OTHER,male_P2,32.0,24,0,0,0,1
843,1,1,female,1,30.0,Young,0,0,1,Solo,1,31.0,3.4657359027997265,31.0,Q3,C,Miss,U,0,NONE,female_P1,30.0,23,1,0,0,1
844,0,3,male,0,34.5,Young,0,0,1,Solo,1,6.4375,2.006534770871748,6.4375,Q1,C,Mr,U,0,NONE,male_P3,103.5,26,0,0,0,1
845,0,3,male,0,17.0,Teen,0,0,1,Solo,1,8.6625,2.2682524139135403,8.6625,Q2,S,Mr,U,0,NONE,male_P3,51.0,19,0,0,0,1
846,0,3,male,0,42.0,Middle,0,0,1,Solo,1,7.55,2.145931282948669,7.55,Q1,S,Mr,U,0,CA,male_P3,126.0,19,0,0,0,1
847,0,3,male,0,26.0,Young,8,2,11,Large,0,69.55,4.256321678298823,6.322727272727272,Q4,S,Mr,U,0,CA,male_P3,78.0,24,0,1,0,1
848,0,3,male,0,35.0,Young,0,0,1,Solo,1,7.8958,2.1855792552411137,7.8958,Q1,C,Mr,U,0,NONE,male_P3,105.0,18,0,0,0,1
849,0,2,male,0,28.0,Young,0,1,2,Small,0,33.0,3.5263605246161616,16.5,Q4,S,Rare,U,0,NONE,male_P2,56.0,17,0,0,0,1
850,1,1,female,1,40.0,Middle,1,0,2,Small,0,89.1042,4.500966778400217,44.5521,Q4,C,Mrs,C,1,NONE,female_P1,40.0,44,1,1,0,0
851,0,3,male,0,4.0,Child,4,2,7,Large,0,31.275,3.4742929367327062,4.4678571428571425,Q4,S,Master,U,0,NONE,male_P3,12.0,39,1,0,0,1
852,0,3,male,0,74.0,Elder,0,0,1,Solo,1,7.775,2.1719067693519296,7.775,Q1,S,Mr,U,0,NONE,male_P3,222.0,19,0,0,0,1
853,0,3,female,1,9.0,Child,1,1,3,Small,0,15.2458,2.7878344138303452,5.081933333333333,Q3,C,Miss,U,0,NONE,female_P3,27.0,23,1,0,0,1
854,1,1,female,1,16.0,Teen,0,1,2,Small,0,39.4,3.6988297849671046,19.7,Q4,S,Miss,D,1,PC,female_P1,16.0,25,1,0,0,0
855,0,2,female,1,44.0,Middle,1,0,2,Small,0,26.0,3.295836866004329,13.0,Q3,S,Mrs,U,0,NONE,female_P2,88.0,45,1,0,0,1
856,1,3,female,1,18.0,Teen,0,1,2,Small,0,9.35,2.336986519711378,4.675,Q2,S,Mrs,U,0,NONE,female_P3,54.0,26,1,0,0,1
857,1,1,female,1,45.0,Middle,1,1,3,Small,0,164.8667,5.11118445372147,54.95556666666667,Q4,S,Mrs,U,0,NONE,female_P1,45.0,42,1,0,0,1
858,1,1,male,0,51.0,Senior,0,0,1,Solo,1,26.55,3.3160025355989236,26.55,Q3,S,Mr,E,1,NONE,male_P1,51.0,22,0,0,0,0
859,1,3,female,1,24.0,Young,0,3,4,Small,0,19.2583,3.0085645861193133,4.814575,Q3,C,Mrs,U,0,NONE,female_P3,72.0,37,1,0,0,1
860,0,3,male,0,26.0,Young,0,0,1,Solo,1,7.2292,2.1076888046179385,7.2292,Q1,C,Mr,U,0,NONE,male_P3,78.0,16,0,1,0,1
861,0,3,male,0,41.0,Middle,2,0,3,Small,0,14.1083,2.7152442616824506,4.702766666666666,Q2,S,Mr,U,0,NONE,male_P3,123.0,23,0,0,0,1
862,0,2,male,0,21.0,Young,1,0,2,Small,0,11.5,2.5257286443082556,5.75,Q2,S,Mr,U,0,NONE,male_P2,42.0,27,0,0,0,1
863,1,1,female,1,48.0,Middle,0,0,1,Solo,1,25.9292,3.2932111997353943,25.9292,Q3,S,Mrs,D,1,NONE,female_P1,48.0,51,1,0,0,0
864,0,3,female,1,18.0,Teen,8,2,11,Large,0,69.55,4.256321678298823,6.322727272727272,Q4,S,Miss,U,0,CA,female_P3,54.0,33,1,1,0,1
865,0,2,male,0,24.0,Young,0,0,1,Solo,1,13.0,2.6390573296152584,13.0,Q2,S,Mr,U,0,NONE,male_P2,48.0,22,0,0,0,1
866,1,2,female,1,42.0,Middle,0,0,1,Solo,1,13.0,2.6390573296152584,13.0,Q2,S,Mrs,U,0,NONE,female_P2,84.0,24,1,0,0,1
867,1,2,female,1,27.0,Young,1,0,2,Small,0,13.8583,2.698558631668595,6.92915,Q2,C,Miss,U,0,SCPARIS,female_P2,54.0,28,1,0,0,1
868,0,1,male,0,31.0,Young,0,0,1,Solo,1,50.4958,3.941500250945973,50.4958,Q4,S,Mr,A,1,PC,male_P1,31.0,36,0,0,0,0
869,0,3,male,0,26.0,Young,0,0,1,Solo,1,9.5,2.3513752571634776,9.5,Q2,S,Mr,U,0,NONE,male_P3,78.0,27,0,1,0,1
870,1,3,male,0,4.0,Child,1,1,3,Small,0,11.1333,2.495953738718064,3.7111,Q2,S,Master,U,0,NONE,male_P3,12.0,31,1,0,0,1
871,0,3,male,0,26.0,Young,0,0,1,Solo,1,7.8958,2.1855792552411137,7.8958,Q1,S,Mr,U,0,NONE,male_P3,78.0,17,0,0,0,1
872,1,1,female,1,47.0,Middle,1,1,3,Small,0,52.5542,3.9806942251907276,17.518066666666666,Q4,S,Mrs,D,1,NONE,female_P1,47.0,48,1,0,0,0
873,0,1,male,0,33.0,Young,0,0,1,Solo,1,5.0,1.791759469228055,5.0,Q1,S,Mr,B,1,NONE,male_P1,33.0,24,0,0,0,0
874,0,3,male,0,47.0,Middle,0,0,1,Solo,1,9.0,2.302585092994046,9.0,Q2,S,Mr,U,0,NONE,male_P3,141.0,27,0,0,0,1
875,1,2,female,1,28.0,Young,1,0,2,Small,0,24.0,3.2188758248682006,12.0,Q3,C,Mrs,U,0,OTHER,female_P2,56.0,37,1,0,0,1
876,1,3,female,1,15.0,Teen,0,0,1,Solo,1,7.225,2.1071782966514356,7.225,Q1,C,Miss,U,0,NONE,female_P3,45.0,32,1,0,0,1
877,0,3,male,0,20.0,Young,0,0,1,Solo,1,9.8458,2.3837779082709782,9.8458,Q2,S,Mr,U,0,NONE,male_P3,60.0,29,0,0,0,1
878,0,3,male,0,19.0,Young,0,0,1,Solo,1,7.8958,2.1855792552411137,7.8958,Q1,S,Mr,U,0,NONE,male_P3,57.0,20,0,0,0,1
879,0,3,male,0,26.0,Young,0,0,1,Solo,1,7.8958,2.1855792552411137,7.8958,Q1,S,Mr,U,0,NONE,male_P3,78.0,18,0,1,0,1
880,1,1,female,1,56.0,Senior,0,1,2,Small,0,83.1583,4.432699549165613,41.57915,Q4,C,Mrs,C,1,NONE,female_P1,56.0,45,1,0,0,0
881,1,2,female,1,25.0,Young,0,1,2,Small,0,26.0,3.295836866004329,13.0,Q3,S,Mrs,U,0,NONE,female_P2,50.0,44,1,0,0,1
882,0,3,male,0,33.0,Young,0,0,1,Solo,1,7.8958,2.1855792552411137,7.8958,Q1,S,Mr,U,0,NONE,male_P3,99.0,18,0,0,0,1
883,0,3,female,1,22.0,Young,0,0,1,Solo,1,10.5167,2.4437981558973862,10.5167,Q2,S,Miss,U,0,NONE,female_P3,66.0,28,1,0,0,1
884,0,2,male,0,28.0,Young,0,0,1,Solo,1,10.5,2.4423470353692043,10.5,Q2,S,Mr,U,0,OTHER,male_P2,56.0,29,0,0,0,1
885,0,3,male,0,25.0,Young,0,0,1,Solo,1,7.05,2.085672091430472,7.05,Q1,S,Mr,U,0,SOTONOQ,male_P3,75.0,22,0,0,0,1
886,0,3,female,1,39.0,Middle,0,5,6,Medium,0,29.125,3.405355391810819,4.854166666666667,Q3,Q,Mrs,U,0,NONE,female_P3,117.0,36,1,0,0,1
887,0,2,male,0,27.0,Young,0,0,1,Solo,1,13.0,2.6390573296152584,13.0,Q2,S,Rare,U,0,NONE,male_P2,54.0,21,0,0,0,1
888,1,1,female,1,19.0,Young,0,0,1,Solo,1,30.0,3.4339872044851463,30.0,Q3,S,Miss,B,1,NONE,female_P1,19.0,28,1,0,0,0
889,0,3,female,1,18.0,Teen,1,2,4,Small,0,23.45,3.196630215920881,5.8625,Q3,S,Miss,U,0,WC,female_P3,54.0,40,1,1,0,1
890,1,1,male,0,26.0,Young,0,0,1,Solo,1,30.0,3.4339872044851463,30.0,Q3,C,Mr,C,1,NONE,male_P1,26.0,21,0,0,0,0
891,0,3,male,0,32.0,Young,0,0,1,Solo,1,7.75,2.169053700369523,7.75,Q1,Q,Mr,U,0,NONE,male_P3,96.0,19,0,0,0,1
